"[4.841831828078768, 5.0992021202737385, 4.329725395389624, 5.180263051128952, 5.215056739043881, 4.268811537208431, 4.67134194910909, 4.432939349579917, 4.37464745333377, 4.163625640872507, 5.437440811666175, 5.0583950740756976, 5.1425188185725865, 5.051861907136439, 5.243607224215224, 4.230054014816414, 5.438831674554991, 4.60572331436979, 5.074088094873099, 4.721651249117323, 4.1293104500190285, 4.880680576894022, 5.356270145805442, 5.008736833000515, 4.101598691292376, 5.204471321563527, 4.906126481448223, 4.191007669294025, 4.256009725330067, 5.101947844183391, 5.2306917497538645, 4.71502436455414, 4.466334693817186, 4.818641184377341, 4.825361524246832, 4.2442071037970805, 5.044217320705547, 5.165907739765602, 5.336563178392524, 5.246322328831471, 4.101248007265028, 4.20140763083219, 5.366671948467011, 4.806902228277469, 4.652056797571907, 4.175548499262526, 4.24512305027626, 4.411514607499082, 4.110081767984103, 5.432469385166492, 4.207712000621417, 4.817382069613561, 4.491186654771138, 5.281559288439217, 4.611470859644994, 5.451647768533276, 5.422017125727533, 4.11337735208737, 4.9612818044547256, 4.305241604561935, 5.185759920723472, 4.713168791795713, 5.471135553406517, 4.415899021071706, 5.0248365708937275, 4.434065055091533, 4.505336795536989, 4.216857531218964, 4.393866900677873, 4.573023076538287, 4.292147380081241, 5.222267502769607, 4.703144277002652, 4.985857938597225, 4.920000721248078, 4.3602096821170235, 4.345385953810185, 5.0737015246196595, 4.22776055587979, 4.278549406793353, 4.923689578260918, 4.9832689852346075, 4.78123926357159, 4.166413357161309, 4.707939669107352, 5.193647154870604, 4.484317318821587, 4.493459545458507, 4.118994374584219, 4.303721065301918, 5.062903032059377, 4.510167587126497, 4.723904596652183, 5.109296859747037, 5.265811405039137, 5.106194398904513, 5.110205507720351, 4.107725675897893, 5.12573811917129, 4.461362705441659]"
"[4.199386722775134, 4.402692115598306, 4.279079094996757, 4.478191696897042, 4.307199066201971, 4.232005444767813, 4.241532306405278, 4.426161558335067, 4.119586502878439, 4.516691029110617, 4.035472483454287, 4.178524682276331, 3.957319353148524, 4.569173546343411, 4.21995984115007, 4.169639385403645, 4.486985852852593, 4.355441037549856, 4.094564776922461, 4.318314323778445, 4.343349227435544, 4.421573922242164, 4.501055984001519, 3.994096539008373, 4.140668157638778, 4.037729364490072, 4.467626224648696, 4.051808898185454, 4.643845457969523, 4.543803583890582, 4.422983734660166, 4.389429058744267, 4.077666780253578, 4.290287499068023, 4.466960703165559, 4.330376923207852, 4.005162836804439, 4.408828862336097, 4.345872659992864, 4.4999102518582434, 4.491567580372367, 4.291378737994393, 4.080052853588603, 4.303746491566077, 4.4652688246221945, 4.568568874863289, 4.034499924273305, 4.136450887339102, 4.147546981971065, 4.051540710917592, 4.4300743643536755, 4.121618353617524, 4.243066288535864, 4.448782675267131, 4.609726283736627, 4.325020672197485, 4.498417870874394, 4.435457564618525, 4.387164377022838, 4.407276151269441, 4.272241853157061, 4.487604316765035, 3.9263429670194503, 4.396095826312177, 3.956346102052664, 4.173970157639006, 4.63846651512897, 4.27031601599664, 4.526671207773905, 4.563697589438359, 4.393735285200917, 4.584834206507536, 4.34807870334026, 4.454451866387472, 4.393911763883663, 4.361901979352349, 3.924550915528376, 4.325065261430737, 4.118481098094506, 4.0204308493941365, 4.5848671083178685, 4.280135072619739, 4.119638877565965, 4.544559509708701, 4.090213408111391, 4.5247873987519664, 4.3761250303637835, 4.054477987638297, 4.540206152947292, 4.490271205199512, 4.175630094461692, 4.289264402376416, 4.37504954375328, 4.454499926148008, 4.254548108684111, 3.974429483423182, 4.217324338234599, 4.528839544241954, 4.154240568898975, 4.552399121256395]"
"[4.172264593667553, 4.917844134109526, 5.411634170265161, 5.20609885090566, 4.453786457353724, 4.308566509459123, 4.975381591211102, 4.28804131866872, 5.2109176450503085, 4.344772116663388, 4.902946931896335, 4.2912899446254285, 4.367616524256633, 4.523334772766039, 4.5241396045345414, 4.088465903718355, 4.076235541621884, 4.940927011729203, 4.997922142719835, 4.151017168885162, 5.397258589476238, 4.074316112229715, 5.232675008521743, 4.075054470741559, 4.68996875760099, 5.3344949795167285, 4.321218263610019, 4.791863363249689, 4.095052208827168, 4.297412225247461, 5.264947773998933, 4.261393940561819, 5.306481798500277, 4.410177964340429, 5.171459770451817, 5.1111109309860865, 4.684142010903505, 4.934037273247764, 4.543535515949733, 4.498406289028046, 5.381205957436397, 5.236256070740891, 4.376435066814427, 5.035307597745423, 5.27182019989109, 5.304237389722913, 4.195123446281076, 4.421446658786684, 5.101331027803708, 4.55148227119364, 5.396458428027876, 4.1018792860242375, 4.171237038757245, 4.359774135663333, 4.2573431262831996, 4.168398742790659, 4.110825921316359, 4.1922495637106865, 5.047895686001378, 4.7582647819573864, 4.1774021384226945, 5.049984391172266, 4.506119038726091, 4.2199920861835025, 4.899971350078754, 5.185360075872043, 4.086937164447495, 4.1615832244468045, 4.438193267112068, 5.422485166736481, 5.17977357263654, 4.649853549942867, 4.296279062659926, 5.179882782663833, 5.238448998506213, 5.023168610134678, 4.751739332544808, 4.275565254421424, 5.3090906939903135, 4.364700720393346, 4.924392746305193, 4.98947668390773, 4.081854582009447, 4.36516958983292, 5.095191945566273, 5.104425980810148, 4.757743675920095, 4.3776687620147845, 4.9366195974658025, 5.15587791525619, 4.323343549592982, 4.655405573632093, 4.630803080194298, 5.133505709307848, 4.461917516871426, 4.882634042713306, 4.806881244190071, 4.7290811419887655, 5.321964507111543, 4.754351122397664]"
"[5.3583382803227355, 5.1576549142697505, 4.139007242468606, 4.457272702728123, 4.4428293418524625, 4.485635625023017, 4.693247521577227, 4.716443006136742, 4.60866981635334, 4.448451432702271, 5.0195619343915165, 4.627694309019335, 5.225360867721778, 4.603916028338057, 4.950431718879506, 4.719555786767043, 5.355542669194663, 5.36848403063131, 4.973004667775037, 4.598480910185504, 5.099953607183448, 4.866486684423859, 4.2593395881720255, 5.255366848163375, 4.663456075098917, 5.392724154995686, 4.1593910838312205, 4.471471440670237, 5.0808714053843795, 5.208578864933314, 5.081671752867023, 4.607909499860916, 4.264075843768456, 4.6804481994493585, 4.636456699566233, 5.3611785254979045, 4.655003473437198, 4.416773648233255, 4.193188486432572, 4.810486106061189, 5.280108508696354, 4.987141452372555, 4.229923794184179, 4.768071381459385, 4.3074992732436925, 5.3745668418750405, 4.609962628989125, 4.225733857259774, 4.637116025379372, 5.28380882360359, 5.013829337995942, 5.178551844678321, 4.292152370434183, 4.758826484780437, 4.130212017268399, 4.3539787281011835, 4.120548398459758, 4.954710955471634, 4.289273022652119, 4.756873035119096, 4.29483756162934, 5.2418051782112265, 4.437678690611206, 4.148489903034534, 4.713756977332172, 4.874557468862694, 4.50670534918356, 4.95036924183928, 4.858014504742624, 4.656854564738788, 4.742262132323734, 5.044406059844924, 5.331355741680392, 4.20015085677912, 5.201559974318665, 4.713474381152737, 5.029552655918188, 5.333129384015036, 5.135260391358823, 4.342359826241114, 4.737400972132296, 5.052849266255279, 5.152653039036393, 5.141655849499702, 4.960808979086688, 5.195441080294365, 5.066888429433848, 4.398770788891893, 5.015649423176843, 4.117924613537013, 4.506381412926632, 4.920746585953202, 5.2221775421026635, 4.682705161541724, 4.373219270867256, 4.987739823961277, 5.19248522346516, 4.263744216320198, 4.551671567763611, 5.3256178029822285]"
"[4.983035108071475, 4.142134617653841, 4.501205392623634, 4.351751478834628, 4.552957666376773, 4.456737902531604, 4.856665062272227, 5.089893011842808, 4.80984048598816, 4.205779373758112, 4.7659485482150235, 5.144779054577522, 4.977173974651011, 4.246230265433807, 4.354808286793738, 5.2207466632846495, 5.218864157643771, 4.347254871124698, 4.3282332610523095, 4.148096254518848, 4.52528191358001, 5.103780284006984, 4.79042034199073, 4.6567107798370815, 4.495156831274107, 4.95652429086096, 4.299832585768007, 4.976961763122772, 4.465153986415657, 4.2718302125257654, 4.777751034503399, 4.7359813602569165, 4.31470625488368, 4.373765569310887, 4.754240089000217, 5.069006160018379, 5.274734024367171, 4.485623139521925, 5.049339961641057, 4.4856779786401235, 4.621572855849102, 4.8587285529803, 4.958905845398551, 4.981517140166337, 4.399986471409023, 4.2352520172469, 4.596426458460362, 4.878925184342191, 4.598907917031695, 4.360921624184312, 4.270189702910538, 5.200322641575982, 4.328429239431657, 4.52266806162289, 4.4533176575437015, 4.364171607821562, 4.610898601422311, 4.575236003189825, 5.219626869282772, 4.186893171282163, 4.554482854822995, 5.074409291046282, 4.178062579818657, 5.027164063758218, 4.570520400637322, 5.287537903063782, 4.144791442486311, 4.330005551775031, 4.370482127506465, 4.7160786535723975, 4.302366414775049, 4.149725877429268, 4.5551827004397065, 4.921690211316543, 4.811152343702171, 4.596704365251307, 5.188712244734727, 4.7669954014823395, 4.863585975966959, 4.926720748752749, 4.834289992994825, 4.556098836580505, 4.799018320244942, 4.848061438672751, 4.427919226679157, 4.5878046083225925, 5.204548755512327, 4.1730982512726555, 4.749429301299612, 4.599888813129172, 5.27447525985123, 5.028415252306601, 4.658955453450078, 5.2171145222902044, 4.6192899448669085, 4.5178697698681605, 5.0190895242009415, 5.284698553890056, 5.085330160661281, 4.739827766753458]"
"[4.69545052071871, 5.074893434396807, 4.644042028342813, 4.946205113266996, 5.018230541061438, 4.952473688082723, 4.896019742419826, 5.012103615493629, 4.7000261077598395, 4.778413033061518, 4.855683720803263, 4.87884274143234, 4.580447093138608, 4.509530809579573, 4.671523692068728, 4.38809482482569, 4.728013352431426, 4.69021119051601, 5.020802035327223, 5.077034975647043, 4.429015600158277, 4.128551783425057, 5.239695665277974, 5.1040776619555155, 4.2370273058703996, 4.398738015601374, 4.422036442973083, 4.181246381734692, 5.315789318338363, 4.16210402220503, 4.55269675990009, 4.208195460266287, 4.792323404070471, 5.30012306092563, 4.456748550617078, 5.198721507667694, 4.399595537008414, 4.606642907417328, 4.226505941717162, 4.397768541042346, 5.01276053415099, 4.246351063439735, 4.827839044246134, 4.223056508314027, 5.07098288892781, 5.057489577369955, 4.167317087625202, 4.826894915883406, 5.007826066935575, 4.262746255044252, 4.718687826366361, 4.745766477974598, 5.227697667456941, 4.276069583860536, 4.19247933598321, 4.239631451573767, 4.505643806211374, 4.423267754691739, 4.676733719454864, 4.210554541347996, 4.654417604144004, 4.5878436733410695, 5.052966051490591, 5.003351126615098, 4.391024650412593, 4.897536528425069, 5.194061054415604, 4.9926502288902785, 5.041949084138635, 4.9077878492509015, 4.9659091469286, 4.386187516335957, 4.724833749878322, 4.296071646194254, 4.926755213759365, 5.246610429484524, 4.580325308843449, 5.321976482083148, 5.096827082582477, 4.686132497515703, 4.586261313958464, 4.329620150642301, 4.327889857110402, 5.078318830385788, 5.145616808961488, 4.999822639855018, 5.226884137276086, 4.35796929137747, 4.475824847342599, 4.652027030159007, 5.003821606466477, 5.3174990040876295, 4.168736656261, 4.273135139273372, 4.739013506039379, 5.131132686247752, 4.97561235657477, 5.270106623957978, 4.139607625166761, 4.337372883011368]"
"[5.111853063448336, 4.193714340232688, 4.396856203474271, 4.564630841990331, 4.583432803584456, 4.560180045683878, 4.947670164007194, 5.176733024067319, 5.50106232518928, 5.536633496458073, 4.75864233038712, 5.501801470461476, 5.513208079825241, 5.0907726773466475, 4.584354461746674, 5.273064320389443, 5.00075884562478, 5.377402042194363, 4.24616117921857, 4.566311969056689, 5.300255230614634, 4.2149918529890105, 4.874544264808518, 4.192488989811676, 4.960403576654617, 5.329231333095416, 4.993023404933016, 4.8067781012986135, 4.862711518384991, 5.025717898456286, 4.523949587800575, 5.558506634703314, 4.755368887844869, 5.068563176151474, 4.033136129983188, 5.205006814448069, 4.626905823833116, 4.956764901908696, 4.5191188609000585, 5.317678733982906, 5.502899404514785, 5.512107971601242, 4.388673842580734, 5.440726395548188, 4.613713524345281, 5.6399488162756075, 4.16976458741998, 5.664631414089969, 5.22689948780282, 5.372641686769101, 4.2987296127931645, 4.2431890950036095, 4.421717581944575, 5.310270379436745, 5.675976128396949, 5.016723359848659, 4.749504411589208, 4.454098211902334, 4.094535705210478, 4.290287875076298, 5.459543950825981, 4.738793012878174, 4.780068057284719, 4.949370175671824, 5.260492862499693, 4.320326774512813, 4.998720761490412, 4.327983708186654, 4.840842844347265, 5.5524836239159345, 4.193870480329425, 5.125950512744512, 5.179587389870561, 5.523115155597091, 4.390826719605767, 4.796203744939811, 5.42746643340089, 5.346191528914993, 4.99851825318992, 4.266424052623128, 4.797101508578608, 4.457653830797041, 4.943957402160736, 5.053233587786007, 5.584439159609151, 4.463563792222051, 5.5103386775239445, 4.728698914532321, 4.350464774294432, 5.344954866321054, 4.075805422836691, 4.131658681911578, 5.009930517453806, 4.2440735162417, 5.6103262768533595, 5.046345573817566, 5.447750091924697, 5.201092056010267, 4.974242633791889, 5.481414253316762]"
"[4.476540286631945, 5.049239725034531, 4.983988112110838, 4.204122551755379, 4.971440534571667, 5.032186206801244, 5.020852841243828, 4.321035310058095, 4.946184222661323, 4.840943001534541, 4.442802375356804, 4.307778259472275, 4.939685681072424, 4.673818369244991, 4.805169277915516, 5.0729340332536275, 4.279651151369444, 5.0245294352297485, 4.802351338257733, 4.957910649741646, 4.874712340996474, 4.535842444470337, 4.2538017439505875, 4.59171554289226, 3.9611944323557884, 4.828520914063142, 4.660458570293325, 4.065934749518484, 4.755425470633897, 4.071254896141647, 4.330252834453386, 4.9279602583216455, 4.016443714884788, 4.981159859045217, 4.011316655445192, 4.834385052262476, 4.583234693082233, 5.059909109186023, 4.404313557300019, 4.159068761788521, 4.1314334380193936, 5.017341545529133, 4.175744367230883, 4.254180372780759, 4.760110763964212, 4.140240915906823, 4.5791956295763265, 5.029506793045173, 3.988025477323111, 4.770437915438411, 4.9514480086735375, 4.28229611713337, 5.047109143859373, 4.754828029752726, 3.955153710527249, 4.6463431340716035, 3.9251411407129098, 4.421516895029862, 4.027560059199405, 4.9114751107985395, 3.99278247910128, 4.077820396347239, 4.445021981711633, 4.449385451897497, 4.159559902226556, 4.161407332909377, 4.648303120386917, 4.287997711298923, 4.808514647653022, 4.783120715896183, 4.114629507039276, 4.5964558880239785, 4.718053821216563, 4.22918144871935, 4.263447391649433, 4.280927059462854, 4.899467627377955, 4.048532035048103, 4.184495515182589, 4.00867855610286, 4.449403719277219, 4.048685945710602, 4.232362793207413, 4.973611639705494, 4.417161414887674, 4.607793912238975, 4.059618011459349, 4.96724502543686, 4.187115106855948, 4.447010989628831, 4.653435031908418, 5.045706859525063, 4.399972159073701, 4.202917899650274, 4.041011716244451, 4.638278614077752, 4.159341918974658, 4.570811691318752, 5.057462707837267, 5.0667789013617135]"
"[5.3519675433550296, 4.916242202518869, 4.057459619823619, 4.132566799405522, 5.240552723582047, 4.082878429439442, 4.1922359445030155, 5.630145717020091, 4.983091178203547, 4.625461246834135, 4.229928324520632, 5.4641265248886, 4.3143450154514165, 4.877010234922867, 5.6108010775421375, 4.305713377380978, 4.519526178873555, 4.6578302037311285, 4.276797298400487, 4.475016390785644, 4.285638480088524, 5.416208922776034, 4.443601115809496, 4.640799514914699, 5.687300049008263, 5.153183230383855, 4.454159877792126, 5.053046184569253, 5.237500629530931, 4.831294909341349, 4.192789134602332, 4.903226085785162, 4.814809975039075, 4.7902897053979725, 4.845489410918125, 4.269594132453554, 5.182407375755929, 5.618043011822381, 4.955804581966542, 4.6294956849363285, 5.600930020199222, 5.580829895712717, 4.086681914020776, 4.139200911837426, 5.236395360037248, 4.960141152535741, 4.681019934070659, 5.603093221496786, 5.232810430209871, 5.413489130456112, 4.755267996079925, 4.30394557766262, 4.0682173316990955, 4.227951861225801, 4.157313736129941, 5.2652247172395, 4.7953688774238294, 4.029291916323513, 5.453270610431803, 4.100192824983951, 4.363718504278298, 5.179031101685913, 4.095737666624882, 4.679039488892719, 4.7134357168965355, 4.498223452579285, 5.674390151401104, 4.789882650604252, 5.578190353291506, 4.9718376735979195, 5.1989831626736445, 4.321753813504853, 4.785214005058126, 4.259144592527679, 4.559147113700975, 4.467249771763104, 5.079987473935972, 4.834591554741154, 4.503692862442363, 5.033732815286548, 4.371054687405557, 5.317350579064831, 4.759785039978811, 5.408072475364072, 4.874920909383393, 4.573267245351744, 4.725098521945034, 5.004473112108812, 4.49920759150767, 4.303521931102841, 4.568549509852672, 5.029938243711709, 4.140559373190216, 5.0200925992667695, 4.892730603881088, 5.236920026404626, 4.861435853489013, 4.802806309458693, 4.972092947295766, 4.16002082317374]"
"[4.472061366382546, 4.842109732843303, 5.02960542156449, 4.716040183802292, 4.68411560678118, 4.135673479543274, 4.442502206399861, 4.636818178059491, 4.876107530293564, 4.563530716115171, 4.838069347465369, 4.621661831897752, 4.982578496400932, 5.051496903106907, 5.059718563856819, 5.232794491985546, 4.937415111898911, 4.192549075574198, 4.1585481390187935, 4.384410108349992, 4.398041007225904, 4.4986619666875125, 4.913663944321059, 4.185456618213599, 4.344803380709276, 5.13551264451781, 4.860128498761651, 4.494908378680555, 4.12943255694084, 4.994301011544372, 5.069595955324038, 5.012559719906076, 4.762648227665789, 5.317482636820234, 4.54715640645686, 4.350018945150345, 4.8988301346608685, 4.866835408686359, 5.060416561175047, 4.89079992607099, 4.2332830065836475, 4.52856306227228, 4.904197634440003, 4.752416110553662, 4.391559979010902, 4.655744138883147, 4.232895961316369, 4.422397336729733, 4.222630653218811, 4.434788059960008, 4.252310111747944, 5.1086376161392035, 4.394111102060345, 4.671900450525658, 4.9688733980860995, 4.630884417980499, 4.597573057915522, 4.429173748567223, 4.874004069733639, 4.3123706369830614, 4.666120157433575, 5.0402140049989255, 4.871202088530391, 4.387914686326992, 4.420571236498501, 4.746070169539449, 5.2224083118538855, 4.619869893776497, 5.028010743187327, 4.939235818809893, 4.837786684559927, 4.362142261374005, 5.188682797323448, 4.49662125723116, 4.262215053167493, 4.706665175128332, 4.875119218025544, 4.241343170110442, 4.650031817745873, 4.463136547770962, 4.695088671632309, 4.265503950187902, 4.518870601269135, 4.739772526894506, 5.09719404369948, 4.732571476617266, 5.038166130187747, 5.069061955747822, 5.153624482832397, 4.919419687914398, 4.874657301761076, 4.422798403840589, 5.096255112804689, 4.330521036776546, 4.429903669279988, 4.489407207242882, 4.262488091625596, 4.687763341367061, 4.376825961838634, 5.3303882417746795]"
"[4.977006055955869, 5.058456487593009, 4.862181560417666, 4.567213729987392, 4.918062428949629, 4.966283808392235, 4.499346185983974, 4.550888729117597, 4.5327641432435275, 4.552645341536513, 4.971619927989579, 4.780760866815757, 4.696986326022422, 5.035378428350082, 4.616529681072876, 4.934986637754909, 5.217678926385633, 4.274449970190627, 4.7810312855928565, 5.095481058547738, 4.752423433572955, 4.943021083828498, 4.996966177504692, 4.887090277086912, 4.337183451271562, 4.658432876820068, 4.378667192979529, 5.0225776390505565, 4.768539211727264, 5.027488442226175, 5.249330490527157, 4.670805523745601, 5.2653909409849335, 4.738215418212915, 5.0547058751505265, 5.15178925963019, 4.413032359838114, 4.876721104684848, 4.147887496849205, 4.9602845526632215, 5.140997099388891, 5.025278541298534, 4.374068251801904, 4.799939695502921, 5.032956665302349, 4.890051981117964, 5.029629221264176, 4.738858205149615, 4.283063900184124, 4.844401559883208, 4.292497064820466, 5.275472203727503, 4.591831981892496, 5.087942318276227, 4.696529078406783, 4.492406471179322, 4.407855265048362, 4.7174556933068645, 4.421859415091456, 5.230534536766118, 4.758349407345186, 4.324598311335898, 4.196309363355773, 5.26529170225411, 4.781878360977921, 5.2127032696177995, 4.301900162379796, 4.21989602575106, 4.832975709758827, 5.106353753805756, 4.2795862847378965, 4.516904344914475, 4.508250185619536, 4.546029874569723, 4.427853722956582, 4.83082231781493, 5.16053802197386, 4.313257599821959, 4.365483426506182, 5.258936025742787, 4.447112136518317, 4.953015214402498, 4.308908237655074, 5.032158381375488, 4.500627702853727, 5.0862951524977005, 5.131476205957798, 5.268066340862859, 4.823428819851131, 4.31773545090286, 5.053888877447955, 5.254997479316459, 4.455417412807207, 4.775450897066557, 4.923682000370102, 4.320157404305347, 4.1722630551468995, 4.32371901868092, 4.781090134308439, 4.66563789339414]"
"[4.483339523639483, 4.49232773970332, 4.718864682915618, 5.307300211595353, 4.412413416649332, 4.50324788484208, 4.589907872839545, 4.979672039443224, 4.991028583288496, 5.215334354049453, 5.064504208260098, 5.106233397997194, 4.771465731807109, 5.102097631024272, 4.400017689566006, 5.07877390410858, 4.566116717403286, 4.688396602565119, 5.041933827025588, 4.209956390907036, 4.479623786921758, 4.479654985276154, 5.026705907417546, 4.716812180245048, 4.810450148753587, 4.251727941913952, 4.209788001263613, 4.817891097230582, 4.189950460492936, 4.92993551015704, 5.1909524984790405, 4.715509529200276, 4.790857857786488, 4.661142763303133, 4.194125559126965, 4.9971499588861334, 4.796788935966761, 4.48446724627947, 4.480059798040384, 4.656489003511214, 4.134680762773591, 4.358983318366763, 4.811224967407567, 4.739384263901706, 4.554556915278586, 4.399046823084863, 5.123846134890576, 4.711123099643652, 4.517264861859796, 4.613619686949286, 4.943782712426178, 5.182000494707513, 4.280202421149305, 4.6388985370005535, 5.284173461125674, 4.821383693947483, 4.218543344808139, 5.134125712815756, 4.559937851706962, 4.797339128774854, 4.220047344191466, 5.157695981860641, 4.949997875782965, 5.134041670750885, 4.588037449185972, 5.25914947618682, 4.172496236614267, 4.95033681644872, 4.40462422512281, 4.426459309315449, 4.201478499076655, 5.251877816875559, 5.189772457513291, 4.364361288045934, 4.272572904303171, 4.999301921768878, 4.209981362052656, 5.013312536800444, 5.168252047196676, 4.5021647158688305, 4.815475665992128, 4.776772439665322, 5.267248954050573, 4.379867653042448, 4.708143260564325, 4.171712485596679, 4.7480698221374835, 5.079645065801905, 4.647482318555195, 4.261298080014903, 4.227547679257734, 4.343374535192733, 4.304863675980643, 4.191252439572309, 4.718938577150055, 4.455508378808564, 4.7179053751726565, 4.20499207192919, 5.169925521030317, 4.786795301279287]"
"[4.592829847176268, 4.172395040823553, 4.43733701611253, 4.274399207260542, 4.339283121528572, 4.453655683917574, 4.560729564878132, 4.661901784603521, 4.578195170441189, 4.796673779836798, 4.4710480057015936, 4.150413649824884, 4.513780398965308, 4.274475125991351, 4.321607179005686, 4.178101475347675, 4.265053825541232, 4.3571066921979416, 4.187589034216615, 4.268332684333181, 4.752504695108463, 4.732006317475342, 4.627436471960892, 4.681391864390132, 4.823159359585786, 4.39527579368656, 4.728893899685892, 4.276340182982536, 4.648623317050941, 4.273117105345764, 4.285490423325498, 4.442718495748198, 4.327672858479933, 4.540524878715135, 4.290634469142458, 4.799298550101718, 4.312654145386144, 4.074132337707271, 4.795135895729544, 4.491576652064934, 4.794138574787527, 4.393475182767725, 4.332805380402277, 4.66123686280991, 4.250787640292147, 4.530843261319477, 4.700709264200668, 4.78870308199738, 4.1587041450154, 4.509671697854315, 4.700815939111874, 4.090660129412006, 4.450702428239776, 4.172596152272003, 4.78152891802939, 4.677906947917347, 4.334620007059619, 4.222417081698222, 4.315138112690441, 4.366193709952597, 4.616504741325393, 4.313448078934375, 4.221177491657888, 4.193141173003739, 4.279997858759099, 4.628997044320911, 4.130978581944421, 4.344488328120296, 4.759158077483911, 4.095906212031421, 4.605905835628414, 4.654075817594364, 4.639112724526879, 4.787855721330275, 4.704696521137118, 4.358251390229282, 4.083129813390884, 4.07930059967447, 4.820650084624473, 4.226203287962902, 4.25295227154742, 4.372504091005782, 4.778406247355318, 4.463106213533997, 4.519299564283264, 4.418979783787987, 4.270705657518416, 4.09842073622514, 4.5646306963116885, 4.81782065418901, 4.120758712487465, 4.776006724301328, 4.440131700484544, 4.738502237719421, 4.6555716949449915, 4.102255064016517, 4.497751352889602, 4.421251267690918, 4.550000005396108, 4.419018024510552]"
"[5.100258477311938, 5.506543222813091, 5.240096484476361, 4.7715962321368295, 4.906447725061719, 4.493076296897381, 4.276867689864435, 4.345299212847899, 5.26954694440587, 5.149321920606628, 5.553223047627686, 4.387549194670537, 5.421462054053365, 5.265772129552427, 4.87791747439718, 5.462488372891628, 5.505336579137563, 5.260660700699948, 4.029583989369847, 4.7354219464600344, 5.531835672556958, 5.506630656272281, 4.148864815367272, 5.071165511886378, 4.786681929364837, 4.890804283131276, 5.197211508100256, 4.517119206288308, 5.018113534860521, 4.281054462281817, 4.654484512806476, 4.5744024180821405, 4.533453711152158, 5.125944302255899, 5.256871308927982, 4.591698662571089, 5.2712007807724675, 5.06904539889589, 4.628635103066897, 5.078710280376265, 4.306305763172158, 5.495722377069325, 5.6184027100500264, 5.6229678936319845, 4.629337742107566, 4.045282001705768, 4.902835094276214, 5.437386353291447, 5.054702524948807, 4.1545647559337295, 4.244149332631476, 5.218882847139266, 4.66268084109101, 5.494155254161706, 5.104016131848702, 5.55894372345212, 4.04284249662241, 4.245544850876212, 4.696725392704387, 5.0679066708764715, 5.375058839480239, 4.140235894873837, 4.255631241798629, 4.4837806625685275, 5.370857413468986, 4.581252427886898, 4.373544804603693, 4.332424602600468, 4.4482487820239776, 4.281750663959576, 4.153102895560613, 5.450862124814975, 5.237651368253709, 5.195515419503189, 4.436608554348454, 4.949391562670524, 4.976279031309339, 4.0859314425123685, 4.401209036398237, 4.552987171709801, 5.493201365718113, 5.2788701048102595, 4.0286861195607235, 4.185927349406238, 4.4849235063709605, 4.418217565063268, 5.022197192775193, 4.633276673995741, 5.593603451098916, 4.120224233740785, 4.2112436500453505, 4.246726993599163, 4.677619230016445, 5.270251304714572, 4.753972439916275, 4.5053209582032006, 5.547188633114626, 4.734945970965791, 5.350822703726633, 5.276107497295292]"
"[4.052171155801581, 4.593470501039324, 4.946336006832202, 4.9523832872503455, 4.5120002255054, 4.837475277991287, 5.234148409129661, 4.974169985921116, 4.997338196463035, 4.309728289227714, 5.549815873167111, 4.9966353983902785, 5.117734593705851, 4.410635409828783, 5.611798918422597, 5.617031174750521, 5.627226664889415, 4.756128153369722, 5.42569422775699, 4.4423101475017175, 5.048442799310143, 4.971059728345253, 4.912588463127706, 4.472016493573572, 4.942640589152787, 4.629652946188824, 4.682021557197054, 4.405665096321559, 4.131309411627734, 4.869866201238235, 5.60278397991132, 5.57748729092891, 4.835579722587244, 4.379760949915219, 4.775707818912575, 4.241430756110297, 4.328066409080491, 5.368014511868196, 4.982913307426177, 4.535808415875419, 4.852405696786686, 4.417340108718203, 5.184089386249651, 5.415329367093305, 5.52334191458007, 4.550703577181488, 4.963073938695783, 4.493645289987866, 4.625440533650912, 4.759700277164619, 4.025067243259716, 5.466035110483347, 5.3971869947428415, 4.351287449618047, 4.993579208449949, 5.220100987191783, 4.3094171699243535, 5.507206838892318, 4.4088505354715695, 5.696145138774851, 4.620929402367335, 5.282039359785698, 4.143991840325646, 5.176079294105149, 5.522274870174741, 5.51020295399009, 5.440662722296279, 5.489172281412705, 5.259055758383068, 4.482346711013361, 5.034428151264862, 4.516031535088347, 5.442691885382663, 4.3108632176863155, 4.5013451167015255, 4.791340769638648, 4.459537981989424, 4.099660732908372, 5.635462730276794, 4.572386863415037, 4.687995123386913, 4.213753986199517, 4.357996364404009, 4.508591793349382, 4.641465951671513, 4.683249487660134, 5.208437622471735, 5.3272896257200255, 5.269913621117226, 5.0856591482349245, 5.52976864905379, 4.960562642195465, 5.600455967780544, 4.937481693385173, 4.597064364919611, 5.597925401722093, 4.513052020603025, 4.09312645841887, 5.337491140887958, 5.652900223339252]"
"[4.570673926919358, 4.392830704337015, 4.244691758486864, 4.347140981361796, 4.655357391244827, 4.149302959340856, 4.51285136147318, 4.385637208439038, 4.1726088051080765, 4.771850035255196, 4.416720862826794, 4.38688579300219, 4.614635102565998, 4.2219126539678005, 4.411683062970461, 4.469098779324023, 4.731371352338614, 4.757274765248587, 4.372402133890563, 4.407436707011039, 4.106685386972793, 4.535009321411836, 4.2290067655789505, 4.722622163004277, 4.170280098319324, 4.337890736960808, 4.491671307105855, 4.628793688048223, 4.189271875153324, 4.570697338036343, 4.56196566123468, 4.529366671159896, 4.583415304060714, 4.878547546213119, 4.358278453301061, 4.561323367037012, 4.834498389496054, 4.229114689955132, 4.591010808521022, 4.281648537020761, 4.433791623173013, 4.460576481822695, 4.21120522329088, 4.747570935686119, 4.570686828567995, 4.231446709419709, 4.1909214499638985, 4.197992668403976, 4.627794879318587, 4.495899289836799, 4.783281839941151, 4.361911348276799, 4.654663240936809, 4.814631294770801, 4.481468287731599, 4.645970791994353, 4.145744381101524, 4.473152968179754, 4.834537198948199, 4.32944255387028, 4.242649668177938, 4.670392266125116, 4.43022898829571, 4.831590605040414, 4.838525697130933, 4.481363549362801, 4.211941643793294, 4.7989881542233785, 4.639249603158885, 4.475290109110034, 4.341476234631683, 4.854907383459381, 4.4941109846181, 4.6939803165658205, 4.74458211476202, 4.541825019423168, 4.6888618560431725, 4.504386930814892, 4.8442778907460164, 4.782258131979184, 4.5892239543533, 4.653700811077286, 4.734820597946759, 4.277814326919891, 4.804770012517073, 4.659448767890994, 4.720199623559936, 4.257484959641591, 4.328133189472091, 4.110784931536186, 4.716440112684484, 4.185256045627801, 4.794291617292905, 4.509522512210634, 4.674678905514074, 4.328138666401429, 4.874976775515571, 4.790079666812479, 4.580069570449251, 4.751953281773988]"
"[5.521640503182953, 4.557099315605751, 4.122707846001712, 4.0979569186556235, 4.623627214910844, 5.085581023139323, 4.833251410612979, 4.796759895098653, 4.298094463613609, 4.43100234054363, 4.52543876725147, 4.64920858511476, 5.23989384812961, 5.648075582903238, 5.5273292368887, 4.676445872747553, 4.072452536953074, 4.975526335379763, 5.0186739851496105, 4.417097094220759, 5.363767914782215, 4.852530426535907, 5.136394259078772, 4.482385743338067, 4.728075960028622, 5.438456909292517, 4.988095138591275, 5.592523648106716, 5.608701402573201, 5.156923320391153, 4.208137127768479, 4.8623924577347335, 5.20944911886264, 4.547260293121147, 5.801577766805409, 4.790902733825988, 4.112882918873773, 4.73975026882442, 5.191374195140377, 4.5226975732786, 4.30194625169359, 4.756772515320023, 5.101384075236416, 4.449270452232354, 4.107568539467636, 4.1553707060110625, 4.083937811107245, 4.924402850441573, 5.61484695372636, 5.180184679113524, 5.371117933077312, 4.679678013480688, 5.3677827573905, 5.578829229624589, 4.857059753231292, 5.396159104436782, 5.769743259135857, 4.28134863784857, 4.99086710923862, 5.685504772800217, 5.550718293555142, 5.4335224008191325, 5.048713907159987, 5.292579146954843, 5.070018316376175, 4.618525970514879, 4.936179442629033, 5.4563636220992615, 4.447788738901238, 4.731780962168802, 4.779148996681411, 5.145676541216843, 5.647369738111069, 4.843319671268643, 4.930581630292767, 4.671146286097247, 4.415282851226136, 5.008757204547343, 4.382435294221634, 4.965932821334192, 5.627061619236614, 4.294027453364361, 5.725172879377645, 5.253709182443384, 4.530380593587631, 4.642973158061069, 4.930292172690367, 4.041493414290285, 5.490362660283863, 4.969303071454583, 4.234793354255993, 5.3011365269553075, 5.488014122195354, 4.7445193522001485, 5.2499962460756, 5.6282754779646815, 5.285080888720358, 5.29593829411102, 5.765856485214247, 4.681352156078512]"
"[4.597513055912804, 4.634621204359909, 4.942726671960199, 4.754825412319841, 5.476085304476559, 5.605218425732812, 4.048324672174424, 4.822219820262382, 5.457381517279921, 4.096802848619436, 4.196450593881152, 4.888396482369121, 4.0806354966494744, 4.150342937253863, 4.7905214133195555, 5.024733638465742, 5.510464549001958, 5.176506548223225, 4.646064324942924, 5.255766803478066, 4.497985000574756, 4.983110379068622, 4.117774956023198, 4.283619632797631, 4.207130422567808, 4.7568539460026305, 4.245785685591638, 5.379343166693564, 4.3136075991184555, 5.256169641060374, 5.315486098917982, 5.318784702075458, 5.2235892001431194, 4.940255615664679, 4.446631146236778, 5.3056559990019085, 4.579025941497179, 5.200723329652042, 5.035106966387398, 5.2123408041917045, 4.703748262051619, 5.163436727255685, 4.952481386529512, 4.258997132223806, 4.796943485146219, 5.483961474324148, 4.912457393230767, 4.647975348586817, 4.791979018129041, 4.739026127048906, 4.130854536838403, 4.640865468677625, 4.836430251727001, 5.59965099322142, 4.24663596553764, 4.638970098095407, 4.372975334302279, 5.682366459903372, 4.223954626735507, 5.5371268641422535, 5.218178724138556, 5.593309507884143, 5.086058184480205, 5.397943149186337, 4.96533022858303, 4.794147891000207, 4.621614437540055, 4.3484753339662925, 5.631358515973243, 4.780036563837896, 4.744309972402304, 5.723235702521638, 5.255107633301497, 4.74233933135157, 5.382851296164421, 4.089999874951422, 5.245903864394448, 4.440361296892489, 5.347333677064882, 5.664913694407525, 5.109631175007644, 5.1283283024681765, 5.373258252913308, 5.184190267788327, 5.449737638051026, 4.623948331611108, 4.5627418083847875, 4.019977275284661, 4.35627602120087, 4.199596318109133, 5.501559983889765, 5.283723513861909, 4.642036854936813, 4.9772106238042575, 4.071825608824246, 5.2184954430633885, 5.053963045313575, 4.078822769557712, 5.620971454297198, 4.5009214686733845]"
"[5.4607206634217595, 4.092584276688097, 4.707486217637565, 5.129918844056311, 4.862372334789614, 4.260441264371185, 4.089282503696843, 4.233180462300194, 4.077276629280497, 5.4323999638604175, 4.3669833890622005, 5.4467547148291455, 4.152520098965462, 5.298320804512722, 5.550952774325811, 5.361794500019629, 4.356577348105425, 4.255563017374882, 4.818612741738938, 5.421473126642655, 4.540461525270883, 4.690460547036772, 5.470332028348928, 5.368568967645117, 4.453044245581886, 4.303303715785237, 5.343137401092437, 4.353750966463062, 5.1242159157057126, 5.334465511563856, 4.762662746295554, 4.433659578405143, 4.482913265649394, 5.509886675720988, 4.146493150461558, 4.287814852100896, 5.196705126966671, 4.0957590745481545, 4.072126173468797, 4.700969746884066, 5.598036731758445, 4.841283410996587, 4.054587437712676, 4.900617445144077, 4.424581215875428, 4.43127532229162, 5.418631513392309, 5.2290932523144145, 5.25808181007069, 4.055937003564036, 5.466712247836311, 5.0854721319067835, 4.9464667604379695, 4.250037112077807, 5.1358551212453705, 4.897631620452735, 5.4031139344357895, 4.19072111140563, 5.367361896971288, 4.375528758403861, 4.648172033427103, 5.297985881168618, 5.220091370521939, 5.3198718489117365, 5.281976450721494, 5.041396327535782, 4.971474270669589, 4.420248951370874, 4.116180714444324, 5.055380104418318, 5.125507825566649, 5.515086853810694, 5.16095496969292, 5.117626921309225, 4.2467399680985, 5.381945217100777, 4.034359728588498, 5.254115999679657, 5.262305165704823, 5.459611566010475, 4.136955609176041, 4.036455820788309, 5.504130224189533, 4.930983900544549, 4.453503388973599, 4.154563000259505, 5.039646531181809, 4.735865784409393, 4.423437397927541, 4.461609226889723, 4.2027621815635285, 5.5448692340695445, 4.797282045455038, 4.431283755521804, 5.523364197982403, 4.552964971319286, 5.564515622767313, 4.840001319090956, 5.186562476642263, 4.216163503053412]"
"[4.729058262887813, 4.321819696524837, 5.502567801981192, 4.39901863440442, 4.502481915167759, 4.510028771958079, 5.427869760599335, 4.652006074569606, 4.450598731169559, 4.109326575184815, 5.159362386661438, 4.445942544811273, 4.665464748380362, 4.458742605291748, 4.185901447557107, 5.059783138505238, 4.928937304306485, 5.464219740599721, 4.985044182071929, 4.934519799164355, 5.303885813165618, 4.77703554371992, 5.07842519714692, 4.671572911524477, 4.695498884221262, 4.990215847158396, 4.2923673115745515, 4.907448605266991, 4.066279444958387, 5.364582129872496, 4.1508002664365975, 5.610109690709852, 4.1400868614036375, 5.417713396179082, 4.85153364578902, 4.28780312901082, 5.151926592179651, 4.811113356326331, 4.739143159448837, 5.414616802213661, 5.230247347452466, 4.773530402901645, 4.066562213220098, 5.385449483941061, 5.214089935887615, 4.921231517715368, 4.78671805254825, 4.087572139555567, 5.316973693699924, 5.365154510354742, 5.114593150276925, 5.514979744538097, 5.273222294724119, 5.2960236671326175, 4.487285142223538, 4.338626589007802, 4.612484343250054, 4.3216550009433305, 4.8637843907550184, 4.423846418596995, 5.194913139275198, 4.675335902587239, 4.912131396279104, 5.357193179314839, 5.397240547925781, 5.128704671268269, 4.397514736442282, 4.394253126615202, 4.426357355213311, 5.307381471403675, 4.9350411137806525, 5.151045228062464, 4.988202963151896, 5.55761745452098, 5.238794882679244, 4.5530148899225, 5.114619268975731, 5.442808526479868, 4.314839408681748, 5.058376514938683, 5.360661756906675, 4.272218884238129, 5.032829527274203, 5.0934740641265455, 4.976152712823112, 5.171384969286718, 5.08774552151934, 5.176320839918798, 5.196900336296922, 5.403142667984934, 5.038251266586813, 5.135712222036837, 4.8439766990669515, 5.193892776154923, 4.961565387253941, 4.78096332334875, 4.743777660848302, 5.069520783487949, 5.468274124980132, 4.5343949689858905]"
"[5.6577711678437534, 4.8080875186399465, 5.567675649063089, 4.767755866155798, 4.8264570101252176, 5.022217422144667, 4.141376975465343, 5.232421303609335, 5.6601060423892795, 5.343426781338519, 4.814559927945563, 5.7241627758896545, 5.340825610736051, 5.226864927666366, 4.266579266081429, 5.259577429218679, 5.356573741487573, 4.251537900211641, 4.670174302362208, 4.428751702313855, 5.178577858143295, 4.4623050660462145, 4.387724883124449, 4.964650958018764, 4.030441428484044, 4.029642323749755, 5.059452794235076, 5.635683454178241, 5.096206130149532, 5.734464866974388, 5.3101240176246876, 4.922272759971949, 4.443176319508733, 5.659915628564969, 4.140700383488363, 4.571602223818097, 4.80788010538602, 4.6017959134511965, 4.168902475323513, 4.968745103888359, 4.349201649437717, 4.472089354697289, 4.722415991130383, 4.861101743415112, 5.52098091773254, 5.536684041784303, 5.597333835808969, 4.289486635952657, 4.173453074807599, 4.944377563702898, 4.584448435069791, 4.991905497684705, 5.539378706041321, 4.806434593209763, 4.0595317950586365, 5.666534343332457, 4.462669772550363, 4.765344750443756, 4.62482457049096, 5.580964052022225, 5.52247441796554, 4.833614855217903, 4.19755787418627, 4.622079422082786, 5.307857932457395, 4.319627398277925, 4.480385697567101, 5.054341017864399, 4.362207969264629, 4.252245418654013, 5.534591781680195, 4.217411359169637, 4.924045082853948, 4.896258490076512, 4.258805621583674, 4.278404395853185, 5.3805680870843355, 5.213552436834694, 5.609547423883001, 5.632920304132875, 5.239608851583854, 5.7022444328977615, 4.54637980498413, 5.426594561323857, 4.314987176010636, 4.899106298789297, 4.657536325300376, 5.2353727030475286, 4.707865604304365, 4.467059272881917, 4.5966669234937, 4.464201834313892, 5.361604250414215, 5.391794619006533, 5.41784329321613, 4.674802243476028, 5.107443497062528, 5.5989740698182375, 4.898976675130635, 4.1154456754433735]"
"[4.824431482140993, 4.592759169314903, 4.554084080841453, 5.065016884782462, 5.040610824783316, 5.189124420224637, 5.604447441596102, 5.325948008888309, 5.559431320128105, 5.70651318664678, 5.194756393306642, 4.873908812289653, 4.168548770551736, 5.767616962199515, 4.983596874073354, 5.196978436645016, 4.401935202230526, 5.617098869780195, 4.724083411715318, 5.311676559328527, 4.953335271546065, 4.460255218239194, 4.0689095347822555, 5.611987498157209, 4.770877052872416, 5.47386154369413, 5.313183255748847, 4.228785787837428, 4.836103993728835, 4.676152945060028, 5.33405319538143, 5.391569151714391, 5.066302870747187, 4.859215184846444, 4.9283113346472724, 5.297739456588204, 5.703987590628578, 4.944658002852737, 4.167083986100646, 5.2109856285701825, 4.367594078657334, 4.605719273499962, 4.365988748954487, 4.809020165702076, 5.584759837648937, 5.593622114087083, 5.522140320120627, 4.655940506851737, 4.947580740099728, 4.926929842933111, 5.7321637795592, 4.823656260741034, 5.439678246653021, 5.3699224832293915, 5.605854552857726, 4.204342797564463, 5.373694639467994, 5.7688557910001, 5.026317206384781, 4.561534083192928, 5.698539939856496, 5.420618916278591, 5.674602053321811, 4.910937689134506, 5.526569190226816, 5.407879717967414, 4.3778872989829445, 5.374709532780878, 5.539333006619266, 5.444938138695121, 4.006688446562406, 5.339988340813051, 5.597690127307322, 4.3361663181369545, 5.708863910195026, 5.134135132399054, 5.277083572262869, 4.649598598887572, 5.0082315999434925, 4.750455251076767, 4.382923843052963, 4.00891206459394, 5.037050054816402, 5.287284880013981, 4.939648583261111, 5.1853796347334935, 4.3150540215862145, 5.235888213234711, 5.542350105263021, 5.266767676691979, 5.7285518175658545, 4.301523670872077, 5.010709405474207, 5.797511819236492, 4.731672329992323, 4.773070249109699, 5.739108316753629, 4.1099388412191145, 4.920946422880959, 5.744606054703381]"
"[4.226197609061336, 4.638350388310597, 4.750518470243351, 5.038040827417553, 4.988944593226833, 5.049632291498269, 4.190911144595947, 5.026485724881352, 5.096073026992949, 4.843461050746425, 4.353194921693956, 5.2778141724055665, 4.961222908927294, 4.985978280334233, 4.427629171646501, 4.280064694070419, 4.366386316797685, 4.683341336669486, 4.2845693236209215, 5.200490869762903, 5.192705975812082, 4.482081917874849, 4.74265338749636, 4.785350576994593, 5.261276377368633, 4.7500589578056704, 4.550154597174858, 4.59572412260305, 4.820384551409761, 5.3446014684445515, 5.189539657482362, 4.620508771689287, 4.803276596910388, 4.490556333762122, 4.54121518752482, 5.206187889402863, 4.785937947248307, 5.052984630909911, 4.897183531850668, 5.114522949682354, 4.977283457944992, 4.431395105367804, 4.213445242469889, 4.8196712652951845, 4.3890599546863225, 4.362129184308554, 4.18308372438954, 4.332202077613929, 5.127367065398133, 4.552897516883994, 4.521200064057624, 4.790156340863929, 5.299929832756428, 4.683637208916237, 4.151380017157691, 5.316615711271842, 4.505988494560337, 5.163066348530087, 4.626642933980957, 4.17253233761479, 4.744395868849331, 4.3240831482955375, 5.095503812596378, 4.4170892483868975, 5.123020903091399, 4.455081890883452, 4.364607787973006, 4.808291364132308, 4.436576757725099, 4.757799618174921, 4.824554757201659, 4.749472772372407, 5.220764179871989, 4.889363413623506, 4.253431850653261, 5.191321517813716, 4.265369665286479, 5.115685629850876, 4.598262621347374, 4.687163252231663, 4.724669269805833, 4.466189592859571, 4.132216009361596, 5.226753016432372, 4.829219891340398, 4.674380181962164, 4.858842514270633, 4.3747352689978225, 5.009280054159028, 4.953400844473798, 4.618045358271549, 4.240564299638863, 5.242680688448724, 4.336808614821425, 4.15174705152599, 4.908462362219639, 4.654945855144999, 4.569024073299707, 4.173668365445173, 4.24769037703975]"
"[4.405271503182938, 4.289765850084047, 4.714654174996194, 4.345131940424837, 4.8750074069275815, 4.359920484441701, 4.535503650300837, 4.535590341926339, 4.431869592393067, 4.184024712370818, 5.060591422859233, 4.406859293738511, 4.651945934633559, 4.610252441172508, 4.209856146714118, 4.521328027506102, 4.962733387090396, 4.4398701440143125, 4.791290328509561, 4.5969749476127575, 4.400692478633813, 4.822716166574905, 5.01698695575843, 4.137464610093372, 4.1936743999432355, 5.030317416711348, 4.325052882384229, 4.495036189442461, 4.511503082098102, 5.158625515709639, 5.311960705076493, 4.311716272491969, 5.205682127710224, 4.394550116740252, 4.739312980768548, 4.397265181197277, 4.223673661436287, 4.419031472194026, 4.539224439979884, 4.571463401822777, 5.232958931793449, 4.7991061564705175, 5.339864288430504, 5.193831051918714, 4.522361370117256, 4.682011905441159, 4.940932230910811, 4.599664760483611, 5.146785424106987, 4.19421113354243, 4.781932548332636, 4.484308963249308, 5.082792109420942, 4.807545281916165, 4.884591129561301, 4.897997199532995, 4.231199098333678, 4.28099505352119, 5.204335475446339, 4.549402291829371, 4.301495713094279, 4.30310019839758, 4.432390922289541, 4.3450013503659015, 5.117616778643294, 4.298633689857922, 4.605384948627531, 4.576549134102231, 4.495317807961168, 4.541619616173907, 4.2092656708624965, 4.9046559933647815, 4.713321918450261, 4.6069119660046605, 5.0931459440305415, 4.155315187130732, 5.271576295543789, 4.244603443234665, 5.254703473893034, 4.185669567580225, 5.14171719191793, 4.754891651297567, 5.231267913668697, 5.348577558733598, 4.426716450261265, 5.2079292811087345, 4.298898335504071, 4.293349886829543, 4.491672859555451, 4.415003637638549, 4.993743165797577, 5.056889506185321, 4.6148512082297595, 4.227252352843201, 5.137571923072466, 4.848553533280173, 4.405503218617013, 4.47949232603264, 4.805169749522083, 5.021187135967687]"
"[4.033552867787472, 4.260960399137998, 4.532694481072153, 4.0570951609011665, 4.290910397774792, 4.045614337468072, 4.380605735654076, 4.386174316234808, 4.530871673822553, 4.041563551102363, 3.990933097334529, 4.094202132364133, 3.918140673092613, 4.52329570258203, 4.64491307690249, 4.493352418874294, 4.416466984110008, 4.130078247522216, 3.9924378829888325, 4.119453403894364, 3.9325837401151573, 4.239004486199439, 4.554368185835797, 4.36831432799591, 4.306007986433945, 4.627947605836941, 3.9264434539018707, 4.121876942491943, 4.037072664279018, 4.121346744251997, 4.180894403040648, 4.443724452914936, 4.292778525210828, 4.077012483611812, 4.650220122375199, 4.562030412395972, 4.649897675237458, 4.008279529104338, 4.6435541570084915, 4.172320553480844, 4.08547698363394, 3.922757613703558, 3.9550911821359898, 3.98191372333122, 4.227316980265624, 4.058271532841298, 4.148933449470327, 4.51732447547587, 4.637430977145048, 4.475235386166727, 4.518448984030683, 4.190423816185872, 4.412774496522857, 4.268581127555259, 4.455761945991575, 4.421982163587362, 4.499041504822191, 3.968742422615533, 4.052631928569686, 4.559144467091981, 3.917296336907345, 4.1902305558642805, 4.396014106539248, 4.205257301637899, 3.9348242434919523, 4.219679062076747, 4.423220473051631, 4.112318116191266, 4.105752072829412, 4.2318881368092365, 4.310506976164072, 4.395710949900877, 4.258004985837003, 4.145161418525701, 3.969422818788672, 4.094623399396918, 4.342613287634122, 4.240376772425354, 4.2025659709503715, 4.174487629467884, 4.2681372437981056, 4.4649075915866066, 3.9346725115056733, 4.142691588698303, 4.062966876653995, 4.009790224266202, 4.254532495598342, 4.183330192771145, 4.605566338024257, 4.358388813967461, 4.463492771775574, 4.18955266949972, 4.1534444615343284, 3.927823515455768, 4.6132666965366935, 4.621151357128996, 4.026674380745066, 3.922358775434369, 4.162980578090127, 4.4483715993626864]"
"[4.402331562634777, 5.116917504079219, 4.747907028173053, 5.036760274965124, 4.64796634503578, 5.130510840779266, 4.610197310939419, 4.43594058867882, 4.981974842160467, 4.6858012550792445, 4.756419292143379, 4.224131560895764, 4.460815798509392, 5.053748445819227, 4.963750233138871, 4.960886276353219, 4.5423351866315835, 4.603488596652524, 5.034058249401356, 4.995683498590965, 4.537514654537259, 5.042782428252304, 4.405052899599905, 5.161031060740301, 4.387907796359245, 4.282969050147706, 4.3056919810146015, 4.620926849882325, 4.5277077884549115, 4.936982042679796, 4.691792391058253, 4.283642328452379, 4.656794267104418, 4.692327414904381, 4.409002371214305, 4.139151854375476, 4.30443450149722, 4.158157238520442, 4.052729695879809, 4.594756286515344, 5.004839534622061, 4.57901924841528, 4.486421940348242, 4.624495233728741, 4.734051402110808, 4.9314483674712735, 5.131170676480152, 4.503291232988893, 4.672253819817126, 4.248734111355505, 5.163302047739323, 4.162648042600942, 4.673438839548349, 5.027654670924068, 4.039427868417181, 4.039094931665714, 4.38959030480674, 5.0087251348701525, 4.97003422305579, 4.2317164902989095, 4.627087948316456, 4.7561605380847505, 4.269850752443462, 4.122346088637165, 5.244738821723467, 4.3377105365088475, 4.719592637532931, 4.386841851719951, 4.0173666246716655, 4.9684254501434735, 4.610150989337601, 4.429038759204685, 4.655678306824633, 5.0930988588464645, 4.095241976267813, 5.1656660998663355, 4.386746746801901, 4.499491374635181, 5.1689477737914995, 4.403811187377998, 4.70838959618521, 4.713394122213391, 4.1061104723875, 5.0844644055247645, 4.512185232577673, 4.109947928954335, 4.112662294191676, 4.30401459815579, 4.270738362744765, 4.5203711674018425, 5.040149696868403, 4.482982473170008, 4.638690457841887, 4.452403150057309, 4.562394808041981, 4.9296763297861785, 5.242749293477305, 4.517237341286163, 4.3532288168077296, 4.24053869555663]"
"[4.838294266423384, 5.148378681818319, 4.626878755308132, 4.502213161791695, 4.729377972752181, 4.728979785094335, 5.038218216426875, 4.910164251939172, 5.01359102938567, 4.172754339098066, 4.668727179148104, 4.988794642375225, 4.43917786768315, 4.7070866734265255, 5.226151363196093, 5.073086993102264, 5.081648010778379, 4.358084393411066, 5.1870561394339445, 4.4522341429252865, 4.564663930486095, 4.527452188639202, 5.145952645717827, 4.569478981784003, 4.581344615537727, 4.264325289265827, 4.498661672612419, 5.220532432437812, 4.575812022691984, 5.224842317163846, 5.0449583294307025, 5.0199879373361505, 4.637937032430325, 5.106559351993963, 4.492102962296733, 4.437459492997774, 4.910111269668267, 4.193026517107199, 4.177699207416454, 4.8418613584151595, 4.465246228788477, 4.2075846780112585, 4.220479766982517, 5.058389083747656, 4.487945628524553, 5.130672334922439, 4.345070058356364, 4.659217273346623, 4.188881509956753, 4.439320729225202, 4.806575529284075, 4.713192875873345, 4.301052002039113, 4.805164594350263, 5.084109855586101, 4.566275181835676, 4.86337973215383, 4.317384459632214, 4.628062303556789, 5.033828493820235, 4.849691431466541, 5.002428073575251, 4.152087928325258, 4.364468550155593, 4.371313932950961, 4.627586805267793, 4.7659791851112425, 4.133743991142443, 4.594831802464279, 5.203762668616757, 4.63678676143043, 5.211304575251781, 5.033401942936716, 4.903083842310224, 4.22730046023168, 4.354006319306282, 4.334999223658791, 4.408962424646855, 4.722279529868583, 5.147682924282156, 5.021245935139129, 4.581030860424688, 5.246040450752153, 5.190455960499914, 4.313027570749553, 5.1046395728628635, 4.625248089884458, 4.127677377622974, 4.777360532156091, 4.550277210587825, 5.257025914310904, 4.601133316546927, 4.498264994938115, 4.703213179204976, 4.905616008156295, 4.602832270318564, 4.728785565171343, 4.945715416219803, 4.563497657606621, 4.657698081274047]"
"[4.274133760031514, 4.4763475685629555, 4.603085457594549, 4.425594151307921, 4.09899442414746, 4.0587060507557196, 4.295183393120432, 4.139153174341844, 4.102869459282192, 4.473406788706768, 4.34904643748825, 4.067228862027039, 4.378429907882047, 4.172293876576097, 4.161515949303076, 4.258493464166791, 4.030060613506164, 4.157897472037133, 4.273094280055639, 4.534415953428708, 4.156691588600893, 4.614759129749205, 4.423235336111848, 4.033412743238297, 4.069275098850332, 4.537062799877559, 4.246231153773829, 4.279673472782049, 4.081701694630238, 4.356123402769039, 4.376625234380726, 4.376857500043012, 4.2321017036601205, 4.182997395998254, 4.503700631116238, 4.2474075320065445, 4.054771482657172, 4.2928888124669715, 4.470785164055354, 4.634436383332494, 4.4381885474805465, 4.322253094811815, 4.406474370002725, 4.323832588514233, 4.023163718200045, 4.341288464581988, 4.615957883563501, 4.506048372532461, 4.573419537312509, 4.339555895958306, 4.426908240592837, 4.492243106675476, 4.1833908821979495, 4.563237322843512, 4.49476181946835, 4.494082189203226, 4.626375307293327, 4.261421389826666, 4.569692433001861, 4.092462711049759, 4.4933083263910145, 4.529684488966751, 4.39737011376386, 4.1839371249157145, 4.41454019472081, 4.542537262409526, 3.9924773148855213, 4.375088129515722, 4.359061791816636, 4.213314561083663, 4.168712533778817, 4.1922100312105695, 4.12462719784282, 4.330051264808564, 4.59893511253645, 4.072185463165825, 4.082268772310028, 4.321162602379786, 4.2445955902395855, 4.512305086153886, 4.636037621856741, 3.961396999083364, 4.344304557693426, 4.548578246967135, 4.575158054872628, 4.233648510991271, 4.046910664882752, 4.276651572193666, 4.244419251994903, 4.333788055514031, 4.400493369838148, 4.53507772972403, 4.396341184851948, 4.046286961239619, 4.629920419594231, 4.214114873797184, 4.381658285542585, 4.416680741901859, 4.639815382667548, 4.262179293176033]"
"[4.097435021879309, 4.190257616007569, 4.450248547986993, 4.501702676913922, 4.195921312164634, 4.119926456458393, 4.3167121653272735, 4.284886753409176, 4.638085690299874, 4.660461126457665, 4.520835597918602, 4.6023423657198235, 4.216555840643974, 4.5542372020369495, 4.402341657554211, 4.555357501924881, 4.780188646709766, 4.13825738473273, 4.592119410307422, 4.45306397196658, 4.692902102801724, 4.521884194386662, 4.70192353023995, 4.658461101458749, 4.746457795074056, 4.417534830950789, 4.154690948407385, 4.464846403998753, 4.725013402913064, 4.331644207373973, 4.55104231107933, 4.381685996966261, 4.220106866929802, 4.365852449272316, 4.735443040752909, 4.714237621818203, 4.045349163435804, 4.44643694395028, 4.125777918712107, 4.44066035609002, 4.573541131929919, 4.756420775735285, 4.153445241506212, 4.47993672198416, 4.067240265247737, 4.748844872307233, 4.486160700050754, 4.570199525493329, 4.39079017026744, 4.487405124087736, 4.777986620606313, 4.541990828829461, 4.436882355080403, 4.197145602471224, 4.5198639194101995, 4.428431565566579, 4.321876132595477, 4.746929838831334, 4.330788709344069, 4.494932148438331, 4.3783959210094885, 4.589533939431485, 4.426566164442775, 4.510197142883772, 4.3174331655748155, 4.613739157238354, 4.529877179123878, 4.328507337563686, 4.2935012843778875, 4.409430771282365, 4.147928872982513, 4.37372453317119, 4.36890291307529, 4.226406512219608, 4.265128257423258, 4.522260290197281, 4.122784765791543, 4.318160715390732, 4.535566044775786, 4.159361418186821, 4.254639069950123, 4.075601791457975, 4.409075153798081, 4.160095499607215, 4.46096784505697, 4.783448237930435, 4.5306036697606915, 4.78499134840211, 4.158816840352085, 4.289011556119785, 4.549506713144641, 4.2793350842699525, 4.729724525340728, 4.652405438904751, 4.203470379428048, 4.160428901103424, 4.21925108907763, 4.303975212900911, 4.762228171163636, 4.259649138079902]"
"[4.973324491391518, 4.313753230929984, 4.4271397347945065, 4.540825038849682, 4.197134625568527, 4.7802591178511005, 5.045106266399726, 4.341108153878726, 4.084519696562183, 4.621162962496826, 4.783492443563129, 5.091126717938504, 3.972499463953512, 4.5342309542856345, 4.07218355509271, 4.9455864965626155, 4.054074216560318, 4.1701785023537505, 4.418910853959683, 4.016992294206403, 4.409544019069421, 4.051675088975328, 4.491900254211355, 4.133849857292072, 4.60073881500805, 4.288518016610645, 4.0185593920879, 4.750786711945919, 4.593480485768193, 4.8737959105701485, 4.040187144065823, 4.001324564499548, 5.032778582650316, 4.004332040705372, 5.108289876578245, 4.333862987664378, 5.030967484211776, 4.657718491352819, 4.469949427474548, 4.543249821500774, 4.0749908892240185, 4.816137352147994, 4.8568334469637815, 4.249437828198816, 4.217760353693086, 4.275498451366874, 4.511023060240736, 4.705878753393324, 4.429377511535487, 4.274371553232686, 4.034308546478723, 4.772183073704773, 4.940420734843048, 4.718687439718668, 4.543702304097667, 4.886150428832252, 4.542191060487207, 4.573525533637207, 4.1240795084086965, 4.742858566929071, 4.789865196441348, 4.30443731709293, 4.284475848024365, 4.830643431423197, 4.280920323930837, 4.096551191888338, 4.441695156558327, 5.0743412966725, 4.824162062556904, 4.135613040678962, 4.050057969751897, 4.587715965112698, 4.492130002918605, 4.882611952313767, 4.305083972630458, 5.045916394265707, 4.085739564227918, 4.331411984236084, 4.164928450765951, 4.306416262963736, 4.532286490744647, 4.000930407666444, 4.345485050058525, 4.713188083184398, 4.52772285536649, 4.361077131032419, 4.707676565896462, 4.0184175470167975, 5.056182417313451, 4.1444097359170184, 4.158343062958647, 5.008886949280996, 4.044664805466019, 4.17068072275872, 4.703582527436012, 4.980319349844903, 4.711608187479857, 4.048563135290482, 4.676881710860503, 3.9819965051891]"
