"[3.5919322796070032, 3.5919331333910995, 3.591943212616999, 3.5919893993596554, 3.591922821949387, 3.591992625859172, 3.5919267642685155, 3.5919464165441077, 3.5919183921239703, 3.591964173669514, 3.5919165470750745, 3.591988566936858, 3.591977154202509, 3.591959566405211, 3.5919128115958983, 3.5919822313698964, 3.5919909803600696, 3.5919443272548053, 3.5919077601360456, 3.5919912311675173, 3.591930567565726, 3.5919654082383476, 3.5919410522979067, 3.591923527191155, 3.5919545740574854, 3.5919494585230396, 3.5919126200583245, 3.5919116589492615, 3.591932558371207, 3.5919790491540082, 3.5919678639094705, 3.5919277795702245, 3.5919563414267177, 3.59191892210651, 3.591904698554088, 3.5919548418464116, 3.5919695385531485, 3.5919427409883165, 3.591955422250466, 3.5919838153082386, 3.591924082792282, 3.5919646443929283, 3.5919794101095475, 3.591914596009454, 3.5919765155284606, 3.5919642346267744, 3.5919558763124404, 3.5919899733744787, 3.591968656289003, 3.5919516098564443, 3.591961443183279, 3.5919592080286034, 3.5919059853904147, 3.5919678414826572, 3.5919300294424197, 3.5919707790646944, 3.5919163066312847, 3.591912481003153, 3.591956728410885, 3.591907266383994, 3.591962163310605, 3.591923921340099, 3.5919369070461293, 3.5919916266439222, 3.5919758406028235, 3.5919440402859575, 3.591985896247983, 3.591945932942954, 3.5919175470026303, 3.5919076155967486, 3.5919589196437176, 3.591973431357231, 3.59197594045649, 3.5919167059252803, 3.5919104211288877, 3.591937415549057, 3.591968372370343, 3.5919367236855266, 3.5919802439932713, 3.5919721763328027, 3.591969076687395, 3.5919344077005393, 3.5919091048872165, 3.591920213566315, 3.5919747314159514, 3.591981910009036, 3.591986659477959, 3.591957241686396, 3.5919189002442407, 3.591908752688835, 3.5919253974522336, 3.5919280043466477, 3.5919518252397844, 3.59197092768758, 3.591931970419968, 3.5919231338338147, 3.591920808509993, 3.5919548378634683, 3.591947815537276, 3.5919646878079696]"
"[3.5298758294313664, 3.529905103448811, 3.5299193046598507, 3.529913945430299, 3.5298735579521416, 3.5299225392489264, 3.5299027781336543, 3.5299132225945122, 3.5299393285248057, 3.5299029359966068, 3.5298898118364725, 3.529887489096634, 3.5298936732850543, 3.529915861122644, 3.5299284793395023, 3.5298718808677276, 3.529890507891427, 3.52993217694674, 3.5299367712002168, 3.5299048017860963, 3.5299364019746315, 3.5299318336711103, 3.529886405656126, 3.5299040078315604, 3.529886007767873, 3.529921627102718, 3.5299034509583866, 3.5298845766619333, 3.529930713815548, 3.5299178405698384, 3.5298808721822965, 3.529919858442417, 3.5299103876241587, 3.5298858303893006, 3.5299051183360763, 3.529921057604323, 3.529924002969068, 3.5298781837699753, 3.5298775589528173, 3.5299217123469804, 3.529937394042298, 3.5298914187197434, 3.529878708061835, 3.5299097220539517, 3.5299175047356375, 3.529938919220327, 3.5299118171637263, 3.5299067759277394, 3.5299384537401037, 3.5299131837994624, 3.529937369098862, 3.529931736419991, 3.5299359938022983, 3.5299049891511265, 3.5299314243582884, 3.5299293989272327, 3.5299139603307914, 3.5299382333061446, 3.5298819668882553, 3.529938967090809, 3.5299057541433108, 3.52989023119024, 3.529881201298288, 3.5298921629363154, 3.5299067027452984, 3.529938671999396, 3.529930600475509, 3.5298952798745873, 3.529933622081427, 3.5298963468714013, 3.5298774008679317, 3.5299246768799124, 3.5298809007557947, 3.5299367765817435, 3.529872655415367, 3.529892622008113, 3.5298772933023175, 3.529918015235081, 3.5298885889202904, 3.529923104555587, 3.5299304887526968, 3.5298784530376137, 3.529880832316899, 3.529904329691421, 3.5298897298170395, 3.529907606804992, 3.5299192557545886, 3.5299013983820178, 3.5298842151877357, 3.529877760185271, 3.5299193491868084, 3.5299295845417182, 3.5298895462224458, 3.529876635156112, 3.529890458843347, 3.529880967338056, 3.5299031976223407, 3.529920587518995, 3.529877118557832, 3.5299319979294537]"
"[3.683894147300415, 3.683863555327872, 3.683853034021186, 3.6838925462724754, 3.6838910105789022, 3.683899600964593, 3.6838601239380973, 3.683861500495615, 3.68386454254794, 3.683894251902548, 3.683884999871573, 3.6838566442114233, 3.6839052657776774, 3.6838574394892767, 3.6839026767600522, 3.6838943485639555, 3.6839077386543924, 3.6839058140026633, 3.6838625260844324, 3.68387372969197, 3.683885092944939, 3.6839226727242553, 3.683885023532819, 3.6838974940766365, 3.6839125908685846, 3.683925607943313, 3.683862440824886, 3.6838983986768916, 3.683855107997015, 3.6838842769796316, 3.683914734658584, 3.68387363110522, 3.6838772999487093, 3.683880060557679, 3.683864398580444, 3.683891017937245, 3.6838579062556134, 3.6838578200433254, 3.6838847914145396, 3.6838569142209607, 3.6838969470589813, 3.6838899636034594, 3.683882867871783, 3.6838916485611213, 3.683867123027399, 3.683908823805365, 3.6838512652060285, 3.6839247897550114, 3.6839242298706596, 3.6838538148531876, 3.6838627092582703, 3.6839115486464946, 3.683925378957426, 3.683874068432181, 3.6838722216205686, 3.6839021875037155, 3.683869011354278, 3.6839206372867723, 3.683882510962631, 3.6838827949741457, 3.6839039317146325, 3.683884259200611, 3.6839131891479022, 3.6838804972730923, 3.6838679924944566, 3.6839214263133853, 3.6839250818313136, 3.6839032164075514, 3.6838728402196654, 3.683868668794842, 3.6838583833166365, 3.683917956227795, 3.6839026572904703, 3.6839198674597706, 3.683917212911483, 3.6838604238007466, 3.683878735199009, 3.6839019253289864, 3.683863384040448, 3.6838728164183774, 3.683913987799781, 3.6839063442780775, 3.6839218281520276, 3.6838919464360345, 3.6839216481396777, 3.68385221942428, 3.683923752854092, 3.68390403353501, 3.68385572652542, 3.6839013028810053, 3.6838820102895853, 3.6838790407888866, 3.683879380650306, 3.6838558451733143, 3.6838918225155233, 3.6838616115245895, 3.6839183534586875, 3.683894326974734, 3.68387095179992, 3.683923912816775]"
"[3.8565520558578545, 3.85659866969938, 3.856564678936171, 3.856529580213601, 3.856560675150309, 3.8566248547744, 3.8565318256153067, 3.856560313356174, 3.856537491613452, 3.856578616031166, 3.856595823981971, 3.8566225844645086, 3.8565476507166663, 3.8565916216951197, 3.856615952640552, 3.8565419120472844, 3.8565299562791333, 3.8565572450206362, 3.856564642897803, 3.8565834209105416, 3.856535958735891, 3.856542454857986, 3.8565615972581764, 3.856527755857667, 3.8565481395763186, 3.856536963733996, 3.8565973185898583, 3.8566002436673728, 3.8565271675192516, 3.8565729671075113, 3.856586527975236, 3.856619554147974, 3.8565974413978497, 3.856596287644657, 3.856560721481544, 3.8566200343476282, 3.856571668121509, 3.8565656987406243, 3.8565360996510583, 3.8566106439021666, 3.8565900281064893, 3.8566160409767027, 3.8565404122079805, 3.8565820618083, 3.8565778150045587, 3.856581806766791, 3.8566204166848803, 3.8565559764227384, 3.8566200598096545, 3.8565376740926824, 3.8565663097092937, 3.856583898806065, 3.856543147701543, 3.8565874595642877, 3.8566188537104744, 3.856541669101264, 3.856571488645221, 3.8565634908702555, 3.856551953076684, 3.8565708699399988, 3.856533080438504, 3.856545568055279, 3.8566178597145164, 3.856599338120435, 3.8565577315101467, 3.8565272076639756, 3.8565745664050355, 3.856527419370801, 3.856544585102079, 3.8565565867184706, 3.8565332960956553, 3.8565582182075246, 3.856555660466726, 3.8566171091906365, 3.856564161612187, 3.8565868663956158, 3.856625196386957, 3.856562802127393, 3.856561676340796, 3.8566101267434334, 3.8565671324057313, 3.85662662843804, 3.856599966008697, 3.8565949656967895, 3.8566257769858243, 3.85662382280189, 3.8565976202838836, 3.856535205452053, 3.856533238196593, 3.856540796090486, 3.8565797674478466, 3.8565450664065617, 3.856538777264638, 3.8565859875426014, 3.8566023961326366, 3.85653221233291, 3.8566265063422076, 3.856605995326893, 3.856541865456392, 3.8565460441308907]"
"[3.9768568352253544, 3.976798535151949, 3.976835611378405, 3.976799013280379, 3.9768566477656835, 3.9768121979358977, 3.9768004689225496, 3.976830120630016, 3.976823724030125, 3.97679471440609, 3.976812208411322, 3.9768094899683124, 3.9768424322974507, 3.9768564343352635, 3.976840000331835, 3.9767933791889942, 3.976838137701126, 3.97683895578211, 3.9768410755148444, 3.9768161989668043, 3.976800064290191, 3.9768503196316765, 3.976815969363016, 3.976834138096862, 3.97680001197096, 3.976798157483397, 3.9768396679347813, 3.9768588916418963, 3.9768572207978012, 3.976791810626441, 3.9768222539139497, 3.976851869320509, 3.9768061138658406, 3.9768557987018407, 3.976855378479275, 3.9768395643387118, 3.976797802389436, 3.9768124594117693, 3.976799273964878, 3.97680261804875, 3.976796674869891, 3.9768196287799764, 3.9768339949671248, 3.9768585641663083, 3.976803304115811, 3.97684557027181, 3.9768316195223408, 3.9767970378877084, 3.976848447758327, 3.976803834722932, 3.9768593753656507, 3.9768575180557866, 3.976843897772178, 3.9768610673968756, 3.9768192552550428, 3.9768402393883564, 3.976819282991845, 3.9768016827113466, 3.9768432145717885, 3.9767990835658136, 3.976800585721641, 3.9768093249234733, 3.9768650435157085, 3.9768377193072926, 3.9768380122422746, 3.9768435637015607, 3.9768460758495685, 3.9768165234837047, 3.976814410374737, 3.9768230875419825, 3.9768310550758548, 3.9768462695108524, 3.976819812258584, 3.976798811722043, 3.9768157571490765, 3.9768403395729663, 3.9768253012691117, 3.9768349135648116, 3.9768631019163783, 3.976822258666284, 3.976864697264305, 3.9768434968787094, 3.9768102171151356, 3.9768501105330527, 3.976861419741522, 3.976828194583466, 3.9768290304684877, 3.976832165954187, 3.9768022242547727, 3.97681444211791, 3.9768535094771877, 3.9768653979783197, 3.97681469703062, 3.9767944810432554, 3.9767998483053333, 3.9768243500204195, 3.9768367709250443, 3.976850052416391, 3.976862160330846, 3.976862080553301]"
"[3.118106364413921, 3.118077762363153, 3.1181557117007346, 3.118162486559812, 3.1181772172393503, 3.118142723003352, 3.1181192350465725, 3.118157534060935, 3.118119930739674, 3.1181325379687, 3.118185460859948, 3.1180849391600005, 3.118097825453387, 3.1181212238523233, 3.1181414138332855, 3.1180929653262277, 3.1181285472958096, 3.118108130711901, 3.1181928119954714, 3.118150961373169, 3.118176396920485, 3.1181179929914404, 3.1180892856685585, 3.118182933343347, 3.118177543459568, 3.1180818905196177, 3.1180808800560786, 3.118170339569648, 3.1181276229192543, 3.118179173443481, 3.1181782280161094, 3.1181492606176193, 3.1181675741113195, 3.118128093188478, 3.1181399853987317, 3.1181979479015896, 3.118075277915705, 3.118161342316386, 3.1181646798256564, 3.1181817156615597, 3.118092410749793, 3.1181534006621305, 3.1181916599489323, 3.1181625617148185, 3.1181507057921642, 3.118148852673481, 3.1181071906695053, 3.1181554772832847, 3.118188574155309, 3.1181644823132446, 3.1181159816299546, 3.118100492259454, 3.1181295202454606, 3.1181124317799176, 3.1181673782789563, 3.1180986773001353, 3.118147853328087, 3.118105312521377, 3.1181182963143406, 3.1181967854463077, 3.1180925616483797, 3.118120623256305, 3.118136280564702, 3.1181376120554942, 3.1181533621561677, 3.118132011194267, 3.1181541943781603, 3.1181141077135277, 3.1181774040334576, 3.118133356738258, 3.118082151963796, 3.118099329765392, 3.11808985078926, 3.1181581914141416, 3.118089315659618, 3.118169467202843, 3.1181989079478045, 3.1181236095707168, 3.1181464332318614, 3.118113460820446, 3.1181706257816106, 3.1181944034579265, 3.118140199330713, 3.1180811109420787, 3.1181449297634507, 3.1181673642756054, 3.1180795121344325, 3.1181685816937534, 3.118189105082556, 3.118117691167292, 3.1180872665695962, 3.118170535730548, 3.118112422011456, 3.1182004943906225, 3.1181777895674463, 3.1181840762074304, 3.1180833521957485, 3.118167292214226, 3.1181140258170754, 3.118124367977263]"
"[2.7826444247992015, 2.782641951893115, 2.7826724508170497, 2.782663083478811, 2.7825820076273273, 2.782585140091752, 2.78262100646717, 2.7826303354731206, 2.7825865989731096, 2.782650912745043, 2.7826138069899318, 2.7825768845654366, 2.782616496785036, 2.78256976912024, 2.7826616702428653, 2.7825995743511687, 2.7826685031240315, 2.782603336436303, 2.7825839968842314, 2.782570135460283, 2.782596174926801, 2.782620188292779, 2.782653251587864, 2.7826426273005116, 2.7826665824128582, 2.782602640274976, 2.7826565226862936, 2.7826086620363792, 2.7825629144113257, 2.782568475688276, 2.782619262250939, 2.782587773087533, 2.78262018023928, 2.7826161690712885, 2.78263865777797, 2.7826663515566272, 2.7826157270100587, 2.7826236950194687, 2.782661709898927, 2.7825747252482214, 2.78258708987556, 2.7825869620800585, 2.7825737697120703, 2.782652081092464, 2.7825639143715915, 2.7825668578713443, 2.782589284169682, 2.782587883583805, 2.7825883907390363, 2.78265718616872, 2.78266957148305, 2.7826675822800624, 2.7826173893058157, 2.7825879976445735, 2.7825762623165415, 2.7825903118271196, 2.7826690373316665, 2.7825901423393864, 2.782601393970473, 2.7826664564003867, 2.7825760274736075, 2.782566541736739, 2.7825976052433403, 2.782598674472128, 2.7825642928370464, 2.7825842554550846, 2.782658716988929, 2.782599185089114, 2.782591784916125, 2.78266537026506, 2.782590700682535, 2.7826130585331352, 2.7825969102585715, 2.7825754998615304, 2.782625092849408, 2.782587643735805, 2.782562132896571, 2.7826241819820234, 2.782571015310174, 2.78266459228836, 2.782659372701123, 2.7825649689195506, 2.7826687886707506, 2.782582651495996, 2.7826402942464656, 2.7826068608735293, 2.7826725961576524, 2.7826447331156787, 2.7826068529524477, 2.782618296923291, 2.7826717126107154, 2.782637971436039, 2.782566415283178, 2.782666871880748, 2.782621279975783, 2.7826511553016147, 2.7826475150223136, 2.7825729188549335, 2.782647980146911, 2.7826417480360086]"
"[3.801723171754602, 3.8016899465089553, 3.8017635225605435, 3.801665194647274, 3.8017706900334085, 3.801757683358712, 3.8016526766394807, 3.8017030568632855, 3.8016702331098227, 3.801670989098035, 3.801665210758319, 3.8017361379263495, 3.801711230169641, 3.8016867538379007, 3.8017490215351213, 3.8017706468609416, 3.8017677733747828, 3.801670014810041, 3.8017723446407174, 3.801749970339281, 3.8016606312160057, 3.8017419682693947, 3.801669734274998, 3.8016652923064718, 3.8017261678320895, 3.801677163636736, 3.8017377464035214, 3.8016959602402647, 3.8016580815868153, 3.8017452449697364, 3.8017319894805164, 3.801667495441133, 3.801679716677566, 3.801672510113259, 3.8017349023540463, 3.801690866796055, 3.8016737997351586, 3.8016869309234025, 3.801766896759351, 3.801771030283388, 3.8016575455151997, 3.801651939703811, 3.8016642211878997, 3.801720671045229, 3.801657492561569, 3.8016548341755554, 3.8017001187223514, 3.801690833691444, 3.8016826064101465, 3.8016637467342154, 3.8017197166767835, 3.8017345883902687, 3.801694214031804, 3.801720621450738, 3.8016615978314094, 3.801680040529214, 3.801729541871662, 3.8017442760620956, 3.8016913796101806, 3.8016759886807865, 3.8017633536359225, 3.8016857154561046, 3.801761231619694, 3.801747222693775, 3.801692974282356, 3.8017305978622318, 3.8016810093768196, 3.8016626225622727, 3.8016838101667343, 3.8016882265582046, 3.801754664697002, 3.80168253707095, 3.8017146698743858, 3.8017435377436204, 3.801747058216156, 3.801648246530169, 3.801747891460659, 3.8016573399439118, 3.8017087121310675, 3.801757937316289, 3.80174348639075, 3.8017663044628343, 3.80177032266511, 3.8017113973944534, 3.8017646736886697, 3.801677654220239, 3.80174145075883, 3.801756762628256, 3.8016680527955784, 3.8016799322880983, 3.80169011652975, 3.801724383876274, 3.8017294817139984, 3.801715546887278, 3.8016522419194745, 3.801703592372404, 3.801768120069778, 3.801669996131312, 3.8017194542690325, 3.8017700866493396]"
"[3.867464811207939, 3.8673974493215333, 3.8674341272234543, 3.8674660835318555, 3.8674372969247464, 3.867451828101604, 3.8674507993077363, 3.8674128079185923, 3.867412325109039, 3.86746636752237, 3.8674354766556247, 3.867441738741925, 3.8674566941099404, 3.867411382024792, 3.8674402655875952, 3.86746115175498, 3.8674499554463626, 3.8674124381037105, 3.867448326802669, 3.867404589974269, 3.8674522151401804, 3.8674100038066515, 3.8674429560138264, 3.8674593071596943, 3.8674147416974387, 3.867408319613199, 3.8674175722706714, 3.86741903038206, 3.867416815611621, 3.8674181384814452, 3.8674214158213167, 3.8674444002351738, 3.867441881092377, 3.86745389300068, 3.867400599936362, 3.867443938638978, 3.8674252904144417, 3.867448228468037, 3.8674623136696296, 3.8674118164324307, 3.8674583716798665, 3.8673963548789847, 3.867397173986146, 3.8674352418981255, 3.8674537701057465, 3.8674045305105165, 3.8674644289764544, 3.867433762054294, 3.867438509191736, 3.86739880345643, 3.8674184201086854, 3.8674083555460346, 3.8674640044094994, 3.867433932110863, 3.867460502643234, 3.8674512843117013, 3.8674655982062673, 3.8674310247500383, 3.867422750497366, 3.867431962793898, 3.867410714963558, 3.8674303074768352, 3.867432434595391, 3.8673994170336767, 3.8674443530285947, 3.86744084626306, 3.8674207747182603, 3.8673932679086844, 3.867415015376748, 3.8674384305229506, 3.8674529153238, 3.8674374897887533, 3.8673989799856185, 3.8674004103088437, 3.8674439548839574, 3.86740097856532, 3.867414371498098, 3.8674318211755505, 3.867447708634799, 3.8674503458382494, 3.867451661318906, 3.8674351890445373, 3.8674503055318254, 3.8674523195532133, 3.867404075012071, 3.8674615493066327, 3.867431241284219, 3.8674607876513853, 3.867444924250424, 3.867424906717889, 3.867425962748211, 3.867427890745147, 3.867440776542926, 3.867433172843456, 3.8674166721380523, 3.8673977926671825, 3.867416646328876, 3.8674596455525094, 3.867438903802703, 3.8674162398077128]"
"[4.115232044829154, 4.115136509018067, 4.115141450393212, 4.1150818566479925, 4.11524994433208, 4.115165883156558, 4.115082353030981, 4.115103846696442, 4.115112739552692, 4.115130664409781, 4.115099177706908, 4.115169715301748, 4.115114418731041, 4.115091919518964, 4.115197001967238, 4.11511466895878, 4.115101276645257, 4.115090754255846, 4.115122267728637, 4.115148201997171, 4.115170697730928, 4.115176923734296, 4.115096503138957, 4.115192111265289, 4.115163653083735, 4.115166966336299, 4.115240358142801, 4.115123705924278, 4.115163006795757, 4.11521196345446, 4.1152002896913125, 4.115131601678671, 4.115235624423602, 4.1152047349836876, 4.115215586712665, 4.115178108379125, 4.115230986525353, 4.115166935373657, 4.115183471809782, 4.115242825427029, 4.115240792684918, 4.115127765456059, 4.115234623013152, 4.1152327425475885, 4.115211514578574, 4.115189945300466, 4.115112090339735, 4.115208028979991, 4.115080801144245, 4.115179494540678, 4.115233920915578, 4.115146175683825, 4.115167362010005, 4.115161295644384, 4.115222181028236, 4.115177844835113, 4.115084585036431, 4.115158381980226, 4.115245400564804, 4.115161781411056, 4.115142991420861, 4.115195194524896, 4.115192208696778, 4.115121834202036, 4.115248712607354, 4.1152098551409395, 4.115097469873597, 4.1151039376252605, 4.115155559199446, 4.115110438388425, 4.115163746551445, 4.115097906984197, 4.1152165556307105, 4.115220361193123, 4.115180192973519, 4.115186974353714, 4.115148262998348, 4.1150781728586665, 4.115149706361278, 4.115155549377178, 4.115133067368868, 4.115202238021504, 4.115230953500551, 4.115165051781863, 4.1152117745258945, 4.115237820788346, 4.11517491808088, 4.11520874319247, 4.115096227445714, 4.115239614369079, 4.115090798070321, 4.115215433153615, 4.115206149963897, 4.115240292279005, 4.115131968275627, 4.115167337314538, 4.115102016898938, 4.115096524652241, 4.115129765753512, 4.115211924142429]"
"[3.8623450373052997, 3.8623272726965476, 3.8624025504861903, 3.8623889825004225, 3.8623254587616414, 3.8623816738381676, 3.862345179476279, 3.8623260721602697, 3.8623708774304384, 3.8623581311364754, 3.862359715938137, 3.862356210786347, 3.8623202445117295, 3.862398884413156, 3.8623526925837615, 3.862359814634229, 3.862342290109512, 3.8623383730527263, 3.8623177904491213, 3.8623176423877723, 3.8623697929429595, 3.8623491146190934, 3.8623899988860266, 3.8623420914016577, 3.8623937397143697, 3.862316746395729, 3.86231720549831, 3.8623679619937192, 3.8623797105938484, 3.862326836421275, 3.862331598187147, 3.8623692840794304, 3.8623542427769006, 3.8623182781391776, 3.8623271482306625, 3.862346096898773, 3.8623411955211635, 3.8624009830835506, 3.8623317787901956, 3.8623665049024227, 3.862371793602395, 3.862382903998352, 3.8623511160720776, 3.8623543513688245, 3.862366375735451, 3.862320217593794, 3.862318910700786, 3.8623286248053823, 3.862331286811418, 3.862389153470473, 3.8623698945151266, 3.8623341615601623, 3.862401730182585, 3.8623621536269015, 3.862383047212317, 3.8623665023780354, 3.862317957608031, 3.8623180419303003, 3.8623550787981746, 3.862350156500362, 3.862373749642427, 3.8623983674912155, 3.8623509206208415, 3.8623978836016444, 3.8623849762478906, 3.8623999242592006, 3.862321076282063, 3.8623745081138727, 3.8623350611005733, 3.8623723448511007, 3.862360940650432, 3.8623680984560997, 3.862399128212779, 3.862336329427767, 3.8623912041156423, 3.86234704056796, 3.8623669487186216, 3.8623225927544036, 3.8623510807339034, 3.862371579630337, 3.862322391607924, 3.862368886392418, 3.8623824309518153, 3.8623862824380577, 3.862396147683489, 3.862357671008163, 3.862333779253845, 3.8623185501455684, 3.862373715738291, 3.862325647557011, 3.862317073496836, 3.8623457578815548, 3.862330879385137, 3.8623959625064836, 3.86235992420885, 3.8623732747630264, 3.862393812878625, 3.8623468461840296, 3.862375804203647, 3.862325104340849]"
"[3.953619511520831, 3.953634177646585, 3.9536556658617283, 3.953650286849764, 3.953608133030147, 3.9536619937428723, 3.953599970176779, 3.953673076407131, 3.953606477037094, 3.953637913383287, 3.953663442556153, 3.9536187099201365, 3.9536024528873135, 3.9536389690573572, 3.953658525513473, 3.9536350021697464, 3.9535880068670846, 3.9535770249654933, 3.9535963247138737, 3.9536009389677034, 3.9535939149545474, 3.953593530222894, 3.953609322407731, 3.9536096637800666, 3.9536162128609846, 3.9536303679965776, 3.9536614427594152, 3.9535918665341105, 3.9536382272417923, 3.9535768761602954, 3.9536548443083994, 3.953655052139686, 3.9535871527120174, 3.953633092956541, 3.9536040259711833, 3.953579440594469, 3.9536487930971367, 3.9535775979780086, 3.9536083909575157, 3.9536258268638615, 3.9535975151105163, 3.9536284055645536, 3.953667791144123, 3.9535791471026815, 3.9535847651131815, 3.953602750299591, 3.9536631052595013, 3.95360258761983, 3.9536403630360173, 3.9536173763938436, 3.9536545882510743, 3.9536070145446356, 3.953620711962576, 3.953633166561243, 3.953663379774593, 3.953641506327041, 3.953677324367643, 3.9536778769496888, 3.9536036012914977, 3.953635833707604, 3.953657647763066, 3.9536566948763, 3.9536444677268054, 3.953666971740311, 3.9536409703673128, 3.9536602263779272, 3.953634079992642, 3.953674035034114, 3.9536326146528884, 3.953623271907756, 3.953599447086372, 3.9536558124325665, 3.9536280192625277, 3.9536372496864796, 3.9536664625160656, 3.9536777106078422, 3.953674908536766, 3.9536771502777, 3.9536389008314705, 3.9536768464792016, 3.953638747798213, 3.953603592947572, 3.9536112774896077, 3.9536019727687486, 3.9536529841868804, 3.953605957167101, 3.9536335155764637, 3.953628773001981, 3.9536084949017383, 3.9536034909010347, 3.9536651741107462, 3.953628359386506, 3.953638056995129, 3.9536113602810827, 3.9535954313094086, 3.953663811790146, 3.9535941816201583, 3.953592123410111, 3.953656625710153, 3.9536388230013824]"
"[3.0371723715590946, 3.037269999613556, 3.0371880271822627, 3.03728425093783, 3.037275664566499, 3.037253093627457, 3.0372303806660854, 3.037215919339846, 3.037273900926546, 3.0371930423648186, 3.037207199853442, 3.037149309112345, 3.0372071387223465, 3.037255694642859, 3.037216462513361, 3.037283794382324, 3.037192010271788, 3.0371902182026096, 3.037217023810025, 3.0372276771717894, 3.0372281616290273, 3.037261817073484, 3.0371888219628493, 3.0371581944842436, 3.037276671899966, 3.0371464642949775, 3.037265952061537, 3.037156607990755, 3.0372593378598918, 3.03714230664403, 3.0372438113436333, 3.0372119867832357, 3.037245150819542, 3.037250605572442, 3.0372452505051255, 3.037264186816643, 3.0372155156666736, 3.037147819534057, 3.03724320101042, 3.037174493944063, 3.037269575625567, 3.037258169145812, 3.0372138569516096, 3.037253170428601, 3.0371929950823136, 3.037225982079392, 3.037240171488402, 3.0371611631545665, 3.0371502178069383, 3.0372496644353673, 3.0371430823690675, 3.037206802699995, 3.037155061001515, 3.037221366061236, 3.037206337565272, 3.037239845269238, 3.0371966989753223, 3.037212435618378, 3.0372603837429177, 3.037231091370329, 3.037234527094915, 3.0372706493937645, 3.0372777201866157, 3.0371950492529285, 3.037229444359018, 3.0371606020596342, 3.0371430876175585, 3.0371770411472774, 3.037234512910472, 3.0372109007856674, 3.0372255275627618, 3.037162318405853, 3.037251284975375, 3.037219897287212, 3.0371744354734975, 3.0371941982720534, 3.0372541777729305, 3.0372517363197007, 3.037201322610829, 3.037255711421696, 3.037280465170169, 3.037250877411365, 3.0371526368450974, 3.0371982000739353, 3.0371424401586777, 3.0371786528027878, 3.037245703392042, 3.037260813411757, 3.0372773369319415, 3.037151711689015, 3.037243861858681, 3.0372749012922062, 3.0371958257488263, 3.037223418581154, 3.037271386215123, 3.037238439027541, 3.0371457322272324, 3.037150807845884, 3.0372556745764028, 3.037164134945571]"
"[3.7505479831901933, 3.7505398563271948, 3.7505284681064213, 3.7505157019076156, 3.750543467781728, 3.750498675102999, 3.750492828972041, 3.750503363998696, 3.750522737984304, 3.750518724191691, 3.750477653832588, 3.750534955503813, 3.7505268129021125, 3.7504954454588564, 3.750578246421319, 3.7504906233220265, 3.750512466919483, 3.7505069125979733, 3.750513826328948, 3.750484196010581, 3.750568621789241, 3.7505202049065938, 3.7505874938786268, 3.750547957598295, 3.7505637142352217, 3.750567882748431, 3.7505355533318765, 3.750476565506592, 3.7505431072886872, 3.7505680244745836, 3.7505571296228464, 3.7505653991574075, 3.7505529752865607, 3.750533096151691, 3.7504827663024716, 3.750508204152502, 3.750581666627725, 3.7505879365639014, 3.7504731016899866, 3.7504889353947606, 3.750535010982274, 3.75051415289489, 3.750516774573199, 3.7505369897370966, 3.7505708930159183, 3.750518754190698, 3.7504898395306494, 3.7505665096066934, 3.7505206278110026, 3.750561758530766, 3.750492262230379, 3.7504931039424427, 3.7505423676894862, 3.7504734139113465, 3.750568434098166, 3.7504897554011807, 3.750572032627182, 3.7505136525693032, 3.7505550551209295, 3.7504929751417286, 3.750555129808704, 3.750544687779873, 3.7504999143843056, 3.7504945807009493, 3.750507123053517, 3.7505011056340316, 3.7505031061795053, 3.7505378678357357, 3.7504998917820815, 3.7505778261181533, 3.7505365571211557, 3.750514346924109, 3.7505591588459493, 3.7505210353459653, 3.750514428584003, 3.750550767666378, 3.7505006814716944, 3.750548483550687, 3.7505354235364115, 3.7505856564933215, 3.7504999352402173, 3.7505549371437894, 3.750518776280652, 3.7504820243938544, 3.7505787375291195, 3.7505881412666096, 3.750588188231318, 3.750580070118657, 3.75048495936543, 3.7505320372744393, 3.7505803243598574, 3.7505210291470448, 3.750557312518818, 3.7505658777735578, 3.7505102910240398, 3.7505501524868348, 3.7504784261328092, 3.7505038083398032, 3.75053571262892, 3.7505514973988965]"
"[3.7814522829636403, 3.7813863127042966, 3.7814710872282897, 3.7814688245813053, 3.78133445097909, 3.781461493138705, 3.781377095288117, 3.781437321493618, 3.7813780701716535, 3.781418560070661, 3.781444052770588, 3.7814370140915567, 3.7813915631580324, 3.781350314744179, 3.7814262092247604, 3.7814192657541126, 3.7813833422857672, 3.781455044097159, 3.7814192577425945, 3.7814257578765877, 3.781469934408203, 3.7813631016931932, 3.781336126511844, 3.7813895024661224, 3.781452463722549, 3.7813497922922945, 3.781349495407084, 3.7813996310766083, 3.78146744877907, 3.781387154151294, 3.7814682470499497, 3.7814484531451065, 3.7813987662809794, 3.7814081383148164, 3.781349386055629, 3.781414101638018, 3.7813810491466393, 3.7814190309521756, 3.7813875231391187, 3.7814676727471292, 3.781465351114999, 3.7813921440396783, 3.781342943546752, 3.781364662619657, 3.781445768456998, 3.7813662855702765, 3.7813694580594035, 3.7814109242552822, 3.7814208960961673, 3.781425148610901, 3.7814687127689757, 3.7813823000941547, 3.781339226931392, 3.7814582786605486, 3.781461067385509, 3.7813666866767046, 3.7813796905928485, 3.7814485152810313, 3.781351812636585, 3.7814683718344226, 3.781350751388607, 3.781452733506025, 3.781427193279189, 3.781396790003888, 3.7813721600168164, 3.781427321181339, 3.7814690040439687, 3.7813985234918768, 3.7814729151084254, 3.781436228212464, 3.7813443762528296, 3.781467940498625, 3.7813616110874086, 3.7813873164512652, 3.781384788741474, 3.7813610343764648, 3.7814335402919363, 3.7814454828013617, 3.7814418682776676, 3.7814012344342793, 3.7813731787231224, 3.781358164036946, 3.781413668842958, 3.7813875088596642, 3.7813726410599955, 3.781469522344379, 3.78139614470697, 3.7814666670111707, 3.7814009092639376, 3.7813785259469705, 3.7814061049860115, 3.7814347790176037, 3.7814154622904126, 3.7813775543943686, 3.781461030307977, 3.781416258271011, 3.781381757316754, 3.78136952996071, 3.781470848163074, 3.7814651499650926]"
"[4.114558802449982, 4.1144734735489, 4.114555950832488, 4.114547360697501, 4.114434364579361, 4.11451803481682, 4.1144868799542635, 4.114564373791544, 4.114522941088019, 4.114538213652695, 4.114428324227408, 4.114481761911126, 4.114538951936398, 4.114432354632084, 4.1144556396449445, 4.114420245742689, 4.114588940968622, 4.1144945511570326, 4.114487890729515, 4.114433707823765, 4.1145691138038, 4.114463418410942, 4.114453962751629, 4.114418030680627, 4.114588956305076, 4.114558859678912, 4.11442962428651, 4.1145463437556895, 4.114427158013863, 4.114578118972199, 4.1145232888315615, 4.114493284918853, 4.114437434124043, 4.114523751170953, 4.1144122415435, 4.114434428414681, 4.114497988427277, 4.1144937435950695, 4.11446998417299, 4.114430428639344, 4.114492409964955, 4.114549139076749, 4.1145507066040805, 4.114542323277083, 4.11449753735152, 4.114483532250378, 4.114453544883057, 4.114496240894352, 4.114476562624674, 4.114453102725661, 4.114570622248225, 4.114587398659575, 4.114580730683234, 4.1144138502957315, 4.11455086000189, 4.1145201282838375, 4.11443319313308, 4.114527094695713, 4.1144766854416215, 4.114501185332447, 4.114459243972713, 4.114458515534799, 4.114557721352635, 4.114552096879947, 4.114500465067651, 4.114453724874056, 4.114489906421655, 4.114564521715273, 4.1145704112179535, 4.114414386900115, 4.114513580239189, 4.114570543104472, 4.114416229506073, 4.114496299157142, 4.114421662588172, 4.1144148593905, 4.1145504444300744, 4.114518479877931, 4.1144200281294765, 4.114431668009977, 4.114450504417861, 4.114421843803736, 4.114583910173467, 4.114586839129625, 4.114444408031526, 4.114462278540175, 4.114494713405478, 4.114549342080038, 4.1145818041956295, 4.11451001856194, 4.114550263800808, 4.114549943827334, 4.114464981554095, 4.11457086069405, 4.114529386834727, 4.114587200228842, 4.114534074693008, 4.114581281762422, 4.114546734717301, 4.114476106409851]"
"[4.177102991757808, 4.177143309255775, 4.177062384783627, 4.177130727206915, 4.177101382548632, 4.177005639643549, 4.177036874673259, 4.177138402207674, 4.177068656962323, 4.177052176525525, 4.177176453132021, 4.177118787656476, 4.176989517719486, 4.177101150194353, 4.177122320578072, 4.177182241922663, 4.177179377461582, 4.177048730805701, 4.177110014229655, 4.177101587845172, 4.177066660188686, 4.177020674028907, 4.177097874406858, 4.17716908765161, 4.177070786684926, 4.177032276505915, 4.177165465083364, 4.177057151122206, 4.177124975544206, 4.17716225623181, 4.177061566731135, 4.177173569687824, 4.177126520526003, 4.177056691084686, 4.177118491005698, 4.1771111958783145, 4.177137684578737, 4.1771134657306845, 4.1770381401094445, 4.177145673722332, 4.177037682746273, 4.1771034072829085, 4.177119992489825, 4.177011956117763, 4.1771773450994765, 4.177005729469356, 4.17708620849301, 4.177041677823888, 4.177048770315165, 4.177175572210784, 4.177157718875782, 4.177032410334836, 4.17717384796757, 4.177147624734623, 4.176997008153833, 4.177080530597901, 4.177118492887276, 4.177138012184884, 4.177184708658187, 4.177177962199199, 4.177152828290095, 4.1770910282361, 4.177089736110913, 4.177123563761514, 4.177053771538524, 4.177047372208918, 4.177087407325498, 4.177117553580796, 4.17705672553529, 4.177109007544301, 4.177156729541407, 4.177002489660621, 4.177183294036138, 4.17717671213085, 4.176989045121044, 4.177181357178599, 4.177035583332979, 4.176987010841055, 4.177000523038455, 4.177080925708967, 4.177038334500194, 4.177031932835931, 4.177181283770008, 4.177125231563576, 4.177162554360194, 4.177183709313661, 4.177018881074812, 4.1770746457475365, 4.177070977734411, 4.177070976449136, 4.177174599861159, 4.177082183346685, 4.1770506668159175, 4.177144725167568, 4.177068260957339, 4.177123348016639, 4.1770054655217494, 4.177052115999535, 4.177076013352986, 4.177139248160108]"
"[2.9594111579565583, 2.959305826427601, 2.95938097873867, 2.9594291202524485, 2.9592730067203834, 2.959387503331938, 2.959426805727677, 2.9594315111429945, 2.9594473718933316, 2.9593123872342435, 2.959320619011157, 2.9593430424566702, 2.9592730877453777, 2.9594425722510422, 2.9593441247717647, 2.9592562594486114, 2.9594535075151285, 2.9592867617656733, 2.9594372401537563, 2.9594250994186, 2.9593726792903685, 2.95932528355202, 2.9592661939813945, 2.959325251471998, 2.9593865788290126, 2.9593513990994875, 2.9592862384309724, 2.9594306521084537, 2.9593922726529702, 2.9594388863972116, 2.959332439177077, 2.959271268525474, 2.95936265597631, 2.9592631391400035, 2.959306380407469, 2.95936438689806, 2.9592683118152876, 2.9594404877009066, 2.959298622216413, 2.959445422467504, 2.9594399775578566, 2.959384722114277, 2.959365973172548, 2.9593259669687777, 2.959338395058017, 2.959287874495931, 2.9593292536982228, 2.9594012605105093, 2.9593561087222526, 2.959396771141331, 2.959447592599853, 2.959444311383545, 2.9594451353147715, 2.959441296988418, 2.9593931298693485, 2.959367071508815, 2.95931217511392, 2.9593342373269547, 2.959414248164569, 2.9592658334273425, 2.9594035521846758, 2.9592999566699967, 2.9593695182207442, 2.959319192866123, 2.959255758552372, 2.959442089032369, 2.9593762638890033, 2.959272898158261, 2.959286147512136, 2.9593598288681324, 2.959372076289016, 2.9593682935667407, 2.9592817990751055, 2.9594283141669298, 2.959372519712736, 2.9594030624631777, 2.9592803735404973, 2.959275300213595, 2.9593035134720114, 2.9594185271020956, 2.9593010386746217, 2.9594537771240645, 2.959345089376903, 2.9594200337150007, 2.9594060696167275, 2.9593076523393553, 2.9594192022461936, 2.9592787764036905, 2.9593762469592146, 2.959379792323833, 2.9592703531283817, 2.9593244027651195, 2.9593217189379555, 2.9592777152081116, 2.9593863801538767, 2.9594406349583418, 2.959421582048046, 2.959281044948503, 2.959286716865076, 2.9592998607179353]"
"[4.051404445297603, 4.05146317911139, 4.051397617263106, 4.051500781668674, 4.051497626596282, 4.05139909967764, 4.051393656911197, 4.051397218010477, 4.051400842543571, 4.0514596811633306, 4.051406802762889, 4.0515031568912905, 4.051411785886077, 4.051427535363045, 4.051409762058337, 4.051495864492112, 4.0514170502094515, 4.051386682478045, 4.051408336938286, 4.051394873343471, 4.051396092646343, 4.051480709389878, 4.0514266425829195, 4.051447124507464, 4.05146093107137, 4.051408729718267, 4.051462996019096, 4.051429064420528, 4.051476039925485, 4.0513877300068675, 4.051395042627064, 4.051417315832646, 4.051384808807259, 4.051462494364495, 4.051438585968418, 4.051486851139844, 4.051382693298812, 4.051472509740618, 4.051490205482301, 4.051396320585393, 4.0514279135514, 4.051492430689523, 4.051494485474265, 4.051469852056359, 4.0514697742827686, 4.051488709857064, 4.051431028274886, 4.0515025657913615, 4.0514840940025065, 4.051449447944367, 4.0514559747091745, 4.051478508594374, 4.051469530626067, 4.051387169561982, 4.051478192078596, 4.051445313139623, 4.051464049688211, 4.05145185432027, 4.051498246802006, 4.051494058377673, 4.051419690970897, 4.05145309654498, 4.051490025639528, 4.051391125600796, 4.051410552810622, 4.051478247062558, 4.051417153220887, 4.051438916868884, 4.051418251807278, 4.051505717159511, 4.051395511181718, 4.051486872651787, 4.051475856722377, 4.051469896702567, 4.051498142668698, 4.051420545274168, 4.051420598845159, 4.051457315436696, 4.05146908659194, 4.051468855008451, 4.0514806650302715, 4.0513928971747335, 4.05148497055565, 4.051491983909376, 4.051424840475378, 4.05138297202271, 4.051391263895656, 4.051450956235876, 4.051460977997757, 4.051393133041648, 4.051476945400568, 4.05148217231409, 4.051502960831725, 4.051479511371689, 4.051397474313332, 4.05146494420031, 4.051503039456758, 4.0514980835511425, 4.051468734068892, 4.051459436160662]"
"[3.029298164353264, 3.029288775280869, 3.0291796340237136, 3.029196198407364, 3.0293040073868, 3.029175281809205, 3.029172545823405, 3.0291088682312908, 3.0291166225371335, 3.0291559366336585, 3.029095918095754, 3.029286931432443, 3.0292807908055206, 3.029273140852474, 3.029261156299232, 3.029227969259198, 3.029295006546741, 3.029172124903048, 3.02914768212948, 3.029140938842281, 3.029124868058911, 3.0292369267755928, 3.0293101215186358, 3.029202447181329, 3.0292795734575306, 3.0292969470855464, 3.0292371202225867, 3.0292563543174866, 3.0291362148524756, 3.0292842049779916, 3.0291217303449915, 3.0292165337499357, 3.0291675194642487, 3.0292271307481293, 3.029238050881089, 3.029240113985269, 3.0291983165914442, 3.0293006467714534, 3.029238053057278, 3.0291549294919067, 3.0292848626001367, 3.029096007320831, 3.0292905882833288, 3.029223026759139, 3.0290992439982, 3.0290992784690505, 3.0292913402906914, 3.029267322200618, 3.0291685986865744, 3.0290918624390546, 3.029150130779705, 3.0292052566876286, 3.029195285549047, 3.0292255201840943, 3.029306060177969, 3.029118900575076, 3.029182852785701, 3.0290940654161305, 3.0292456149573272, 3.0292904950050854, 3.0292623928124254, 3.0291698916324092, 3.029196112956002, 3.0292818966670194, 3.0291539512947945, 3.0291247495599603, 3.029162523050332, 3.029282146717256, 3.029182541524329, 3.0291122006686475, 3.0292794989989558, 3.0292115789113665, 3.029274365639402, 3.029108137745931, 3.029228841482361, 3.029131603563079, 3.029159055938036, 3.0291598114295493, 3.029106368617941, 3.029111492483495, 3.029226372458586, 3.029120962177479, 3.0291770631825896, 3.0291970813910636, 3.029301955676606, 3.029240994181514, 3.0291098056620616, 3.0292525190870214, 3.029200047923272, 3.029260177610951, 3.029139522143257, 3.029193652839414, 3.029134589024631, 3.0292021379014535, 3.0292408695021127, 3.029127167510727, 3.0292754932759944, 3.029311052941156, 3.0292148872315856, 3.0292401945712113]"
"[3.816222821917466, 3.8162361014790394, 3.8162471480208344, 3.816290585348355, 3.8162864250401, 3.816282541713268, 3.8162836090352013, 3.816230833995043, 3.816220708013638, 3.8163086203812395, 3.8162393688847125, 3.8162247886274048, 3.81628747673615, 3.816207594871687, 3.816248828377682, 3.8162216972175154, 3.816253543435109, 3.8163011639928097, 3.8162461882712186, 3.8162872536993167, 3.8162504749251482, 3.8162650568690046, 3.816227368350983, 3.8162514307538338, 3.8162419774936582, 3.8162439735691605, 3.816276854601785, 3.8162616970192857, 3.816293652121285, 3.8162408429160894, 3.8163074552788565, 3.816224189181945, 3.816287984179829, 3.816251756643224, 3.816214693657622, 3.816210957450644, 3.8162323611575157, 3.8162426074984355, 3.816255899312217, 3.8162611332794487, 3.8163064998989062, 3.8162754744659635, 3.8162798111518903, 3.8162623791442867, 3.8162424508585566, 3.816246880957256, 3.8162680804167985, 3.8162521592154093, 3.816301210043811, 3.8162235619340317, 3.8162657175118735, 3.8162875341259097, 3.816241217051282, 3.8162980845030505, 3.8162222035412117, 3.8162570543828753, 3.816283697497174, 3.816248170971295, 3.816284165566783, 3.816285187268888, 3.8163064840966356, 3.8162211941134077, 3.816289086895197, 3.8162205142418575, 3.8162975565565302, 3.8162233435492974, 3.8162934539671634, 3.816214893011031, 3.8162650440461316, 3.816308057374897, 3.816270475216033, 3.8162658392814235, 3.816249285411957, 3.8162932154100124, 3.8163060818237264, 3.816276321198754, 3.8162233809580264, 3.8162163305551555, 3.816268322846027, 3.8162160128789004, 3.816247957264968, 3.8163093187165664, 3.8162389043837823, 3.8162495769538602, 3.816255829116261, 3.816265015309143, 3.816247625479938, 3.816230722084182, 3.816220790342774, 3.8162069742085087, 3.8162823534305117, 3.816240565965094, 3.8162161895160756, 3.816261796850515, 3.816208660921543, 3.816255712035228, 3.816267982928175, 3.816296623698264, 3.8162857559428005, 3.8162937246198343]"
"[4.142454975894726, 4.142405719448754, 4.142422700146659, 4.142385183314127, 4.142408483594198, 4.1424285067615365, 4.142475784431253, 4.142410704754103, 4.142430564067692, 4.142388360655102, 4.142430219768986, 4.1424527520185395, 4.142445475679068, 4.142389796552733, 4.142368087403628, 4.142363478550562, 4.142509264115376, 4.142457153946056, 4.142514627889138, 4.142361212793922, 4.142480724843331, 4.1424585136319205, 4.142424328674142, 4.142445546046062, 4.14236197093271, 4.142480925382628, 4.142457539197203, 4.142445438318534, 4.142363416080173, 4.142390085170241, 4.1424976693422835, 4.142470568478559, 4.1424377638641054, 4.142393304443745, 4.1423582187558114, 4.142400271964052, 4.142524175091829, 4.14244215095793, 4.1424192361555585, 4.142359919643156, 4.142481007985522, 4.1423759513034595, 4.142457161587018, 4.142401758650651, 4.142388163243148, 4.1424747902169585, 4.142361387343459, 4.142375149003807, 4.142381706741885, 4.142454133023697, 4.1425030665455775, 4.142484945475231, 4.142439209376583, 4.142513054934705, 4.14248223381742, 4.142384336126074, 4.142418540647851, 4.142409345841069, 4.142422949972536, 4.1424592463658225, 4.142476867345566, 4.142423739887446, 4.142356978840861, 4.142516936969455, 4.142510140131442, 4.142415861478993, 4.142513997598614, 4.142391379821888, 4.14240435409791, 4.1424761578047, 4.142513780868833, 4.1424315899589566, 4.142472795819957, 4.142364178850594, 4.142451823488764, 4.142511193372273, 4.142520736875664, 4.142360277227393, 4.142388910747534, 4.1423995669995755, 4.1423583776768735, 4.142392498227314, 4.142430024233272, 4.142489125753911, 4.142430587756753, 4.142443593564388, 4.142411562791027, 4.142495834576561, 4.142506621462853, 4.142479284264452, 4.142452356161999, 4.142496658266957, 4.14252554440752, 4.142394256313655, 4.142372878815063, 4.142364099351227, 4.142406578920338, 4.1424794920857995, 4.14251948596835, 4.1424185077491416]"
"[3.0530863380586433, 3.053127070087493, 3.053063576886842, 3.0530418280705485, 3.053054059102866, 3.0531591160091334, 3.0530756952848126, 3.053093921948141, 3.0531534923277235, 3.0530428618210332, 3.0531699002256136, 3.0531249280777395, 3.0531396856711623, 3.053163312557168, 3.0531322828427347, 3.0531658626523743, 3.053053450931457, 3.0530583677651464, 3.0530750122404102, 3.0531433751673944, 3.0531334650223414, 3.0531675971691454, 3.0531457069333956, 3.0531258662930787, 3.0531108820396913, 3.0530792845520778, 3.053101781974928, 3.053088063340514, 3.0531623942662964, 3.053100129186091, 3.0531217937580672, 3.0531334126616363, 3.0530741314374747, 3.0530920874299157, 3.0531425949110385, 3.053077039525176, 3.0531051731018426, 3.0531098819250864, 3.053136874386083, 3.0531251557289734, 3.0530436870414777, 3.053053898860113, 3.05314458829461, 3.0531124622586887, 3.053044525120229, 3.05306695564387, 3.0531582781782376, 3.0530443100817255, 3.053114647011558, 3.053131264856079, 3.053151438829077, 3.053163275310726, 3.0531111571925513, 3.053144298196014, 3.053088923764947, 3.05308300610465, 3.0531293095706165, 3.0530872305166126, 3.0530900552408555, 3.0530423933651485, 3.0530817552015304, 3.053071406976073, 3.053127146836275, 3.053072031774737, 3.0530798000974064, 3.0530513113933524, 3.0530700945451237, 3.0530577034930353, 3.0531384420659764, 3.053160419539446, 3.0530442827631026, 3.0531130871510523, 3.053041661560134, 3.0530848739434835, 3.0530748880909333, 3.0531374701346214, 3.0530789646453895, 3.0530890575055802, 3.053139228771602, 3.0531612090033393, 3.053100121130639, 3.053112389421401, 3.053071575823483, 3.053044899719217, 3.053066582326521, 3.0531566222577737, 3.053140083425883, 3.0530983010859014, 3.053166782266349, 3.0531297525691157, 3.0531417814987627, 3.0530556244011198, 3.0530837483036724, 3.0531696955986387, 3.0530672173166424, 3.053140077599266, 3.0531243485066515, 3.0531175424359134, 3.0531158387659696, 3.053166106509531]"
"[3.2034527713160914, 3.2034824794559453, 3.2034657539664932, 3.2034719955598776, 3.2034874671806763, 3.2034162157359685, 3.203434309439558, 3.2034837797101923, 3.203527406528832, 3.2035108259276845, 3.203410212498875, 3.203497993893188, 3.2034585573642764, 3.20343234204482, 3.203494019359062, 3.2034291628799387, 3.2034946118680887, 3.203444647759988, 3.203475951110243, 3.2034994669627963, 3.2034593098625024, 3.2034674564316954, 3.2034191336686844, 3.2035195196823727, 3.203411684903954, 3.20349235855374, 3.203420742101555, 3.203493165810772, 3.2034861928951504, 3.2034295312772176, 3.203503770029548, 3.203504883930795, 3.20350383030729, 3.2034318569468274, 3.203442078573339, 3.2035020363110247, 3.2034920307005974, 3.2034999756586062, 3.2035015792043255, 3.2034412883031407, 3.2034213233101676, 3.2034900687759, 3.2034463097365187, 3.2035088968244345, 3.2034775530451496, 3.2035208661980272, 3.203515826790184, 3.2034953403105995, 3.2035009921250777, 3.2034609214385887, 3.203445567710121, 3.2034492104215566, 3.2034883759581714, 3.2034572361864213, 3.2034538826889207, 3.2035212964371413, 3.2034144809401273, 3.2035202151586732, 3.203502467878501, 3.203490744133399, 3.203410819910739, 3.203490654164451, 3.203423751418958, 3.2034186358366643, 3.2034490206742148, 3.2035108622588613, 3.2035239283917205, 3.203477283476998, 3.203439542603135, 3.203490796184556, 3.203495362580194, 3.203510645610103, 3.2035019544485976, 3.2034407176734723, 3.2034764631364108, 3.2034401578220297, 3.2034539118665144, 3.203439266510037, 3.2034327687758477, 3.2034642778694433, 3.203524032913701, 3.203491852673505, 3.2034903189101893, 3.2034291407678843, 3.2035080480760065, 3.2035064674687, 3.203415557674622, 3.203415205619721, 3.203409732778899, 3.2035205906212716, 3.2034269467352097, 3.203496461126444, 3.2034624760721915, 3.2034768991209446, 3.2034907875286964, 3.2034433312341966, 3.203451880503094, 3.2034227361491734, 3.2035098153711106, 3.20341194794006]"
"[4.142708790786954, 4.142714245825622, 4.142699643560705, 4.142653925523657, 4.142648471446998, 4.142665758930165, 4.1426388815226005, 4.14264081262902, 4.142658214202893, 4.142607387656653, 4.142619326778758, 4.142700143539174, 4.1425999728872975, 4.142655377504936, 4.142699918927886, 4.14258001518065, 4.142631976551973, 4.142711108996821, 4.142708573124889, 4.142673130268832, 4.14264703297821, 4.1426290737708795, 4.1425861697593565, 4.14263296516534, 4.1425814778156695, 4.142581446095126, 4.142673737692067, 4.1426575354725195, 4.142608975644398, 4.142605560867459, 4.142736762252339, 4.142661280374709, 4.142591317167341, 4.142647929804257, 4.14270396529489, 4.142735868433437, 4.142623795558937, 4.142720037095277, 4.142674764817319, 4.142594020494183, 4.142676236526693, 4.142578096748938, 4.142696211756823, 4.142633003761251, 4.142635184870164, 4.142702104181305, 4.142575847340271, 4.142639442734994, 4.14258241921204, 4.1426753422002065, 4.142605385570107, 4.142579242729406, 4.142691716364808, 4.142595356633017, 4.142668096488952, 4.142721194668443, 4.14259439310909, 4.142642648135769, 4.14267630102395, 4.142690035976279, 4.142623921148784, 4.142690775241532, 4.1426338726361935, 4.142726056368879, 4.142598448185911, 4.14266480222027, 4.142589607351294, 4.142699307497212, 4.142718972205282, 4.142582817293805, 4.142727716303906, 4.142630426471862, 4.142623818032409, 4.142633509307959, 4.142729553822331, 4.142733493087852, 4.1426250807359395, 4.142705912746753, 4.1427214195063256, 4.142622246480597, 4.14260025653679, 4.142712132532846, 4.1426934783773115, 4.1426828167192165, 4.142641121503662, 4.142654125948971, 4.142613683008207, 4.1425683580936425, 4.142720567082549, 4.1427361787491215, 4.142587309084951, 4.142597616149395, 4.142730259694218, 4.142578341170552, 4.142603388979019, 4.142682233603905, 4.142608496902421, 4.142710705905605, 4.142695325550099, 4.142581978219732]"
"[3.461567245701472, 3.4615911193893036, 3.4615978277261794, 3.461574572197419, 3.461586925516025, 3.461588537299856, 3.4615575333086377, 3.4615473003334802, 3.461580293087747, 3.4615745311242483, 3.4615786369120864, 3.461564870202964, 3.4615905026564495, 3.461581005410884, 3.4615629465350715, 3.4615493261869927, 3.4615715586223104, 3.4615744917456643, 3.4615638588804933, 3.46156298730095, 3.461578116769977, 3.4615428617324544, 3.4615706962269583, 3.4615760283306543, 3.4615679157756327, 3.4615899671948034, 3.461582555025112, 3.4615728703611763, 3.4615632801648024, 3.461578278217554, 3.461587980580184, 3.4615608085427283, 3.4615725211094466, 3.4615603128071863, 3.461585525170634, 3.4615665855272635, 3.4615707503854014, 3.461540641939862, 3.4615433840466032, 3.4615418258837307, 3.4615643604846653, 3.461584144531497, 3.4615652578760967, 3.4615522885120438, 3.4615582373559173, 3.4615719701188326, 3.461571602072537, 3.461574078693168, 3.4615740546079503, 3.4615898761288575, 3.461553494370451, 3.4615672363404304, 3.461554672655214, 3.4615860961934697, 3.4615633684130773, 3.4615783673050724, 3.4615850647947797, 3.4615593941628022, 3.4615756901443153, 3.4615818172741593, 3.4615419265647116, 3.4615587696658077, 3.461565643958792, 3.461545416004859, 3.46157939126136, 3.461587618023964, 3.4615497626493617, 3.461545055555372, 3.461572845315993, 3.4615863109556146, 3.461560428200873, 3.461558396124869, 3.46157507766476, 3.461587404471725, 3.461545572703659, 3.4615930689319163, 3.4615751932720507, 3.4615841448252196, 3.461558209994976, 3.461587494249289, 3.461579104072378, 3.4615703701287, 3.4615835494051472, 3.4615894189548015, 3.461541217761975, 3.461595254970727, 3.461570207961632, 3.461579279053571, 3.4615596302437885, 3.4615498217835956, 3.461569199221608, 3.4615584461015962, 3.4615419539699603, 3.4615481958645535, 3.461558952037194, 3.4615574866936365, 3.4615540024493185, 3.461560229548004, 3.4615844991148177, 3.461579735265183]"
"[3.3261274224236876, 3.326192324319433, 3.3262241372344015, 3.3261974316598737, 3.3262053521993575, 3.326242301393296, 3.3261321041343357, 3.3261908168178027, 3.326236081588908, 3.326128423522734, 3.326207183500739, 3.326133403463431, 3.326172379035129, 3.3261464283429127, 3.326243227880503, 3.32618209504202, 3.3261782663405457, 3.3262413971983182, 3.3262375883792457, 3.3262177384733422, 3.3261278373050924, 3.3261145282125586, 3.326159819949243, 3.3261374137334156, 3.326117276350498, 3.32612110632649, 3.3261198145823494, 3.3261741280529433, 3.326162887460182, 3.3262425425615256, 3.3261654262576577, 3.326216634332015, 3.326169416633149, 3.3262142740396197, 3.3261526938980914, 3.3261163615928018, 3.3261301047914804, 3.326229316608718, 3.3261620414490753, 3.3261477723028423, 3.3261967365072866, 3.3261622669973736, 3.3261393278501106, 3.3261447159502806, 3.3261933612134675, 3.3261964427746067, 3.3262274548412014, 3.3261682264960886, 3.3261791302606714, 3.3261452909735736, 3.326199237660612, 3.326231227697309, 3.3262412504388763, 3.326230027406777, 3.326208232597968, 3.3261556206581657, 3.326152092992622, 3.3262339699501555, 3.326194637452482, 3.326135165751533, 3.3261192294596507, 3.326169979845667, 3.3261368235798443, 3.3262150487698987, 3.326131852541392, 3.3261741339430557, 3.326238018209627, 3.326145519180759, 3.3262266197496, 3.326239486828345, 3.326203505682924, 3.3262429879313737, 3.3262231640060826, 3.3261284128022846, 3.3262389713693543, 3.326151696977788, 3.3262017853680277, 3.3261535528729795, 3.3261747021731205, 3.3261944449608034, 3.326217394161195, 3.326168635035301, 3.3261174699073, 3.3262223524129806, 3.3261998110136464, 3.3262161178987024, 3.326117102313617, 3.326116894296227, 3.3261889150906776, 3.3261376566185223, 3.326174333418553, 3.3261811443628035, 3.3261944509963675, 3.326135906142981, 3.326127831956298, 3.3261600880030775, 3.3261230059863216, 3.326214045564297, 3.326167025632301, 3.326119027943874]"
"[3.330459085823801, 3.3304528043867427, 3.3304625233478333, 3.3304838400813583, 3.3304680691989574, 3.3304558695816597, 3.330479181519414, 3.3304697930024716, 3.3304760736251087, 3.3304552470643927, 3.3304825609827615, 3.3304531021667727, 3.3304795361640496, 3.3304741401461957, 3.330465287411899, 3.330473656513689, 3.33044245221263, 3.3304760013234262, 3.3304403003451726, 3.3304710833992752, 3.330444140566584, 3.3304778855545307, 3.330449474624549, 3.3304533785462995, 3.3304549265514374, 3.330437833868273, 3.3304768514821643, 3.330466148875969, 3.3304700769068702, 3.3304471480389353, 3.3304801189003896, 3.330459083275179, 3.330463621333788, 3.3304601834638774, 3.330462563937094, 3.3304496861554167, 3.3304492456819625, 3.3304465172624083, 3.3304725157261252, 3.33044501202913, 3.330452395976951, 3.330450397629144, 3.3304624825363627, 3.3304758028957413, 3.330449098182922, 3.330457849489937, 3.3304568420113725, 3.3304767515521716, 3.3304576330628537, 3.3304537976283806, 3.3304516045225476, 3.3304843767091885, 3.3304854100521957, 3.3304855123484045, 3.3304839067591376, 3.33048349878731, 3.330474128326751, 3.330439036446984, 3.330445485513561, 3.3304656741840892, 3.3304691174416368, 3.3304490035022294, 3.3304759403878204, 3.330460269410609, 3.3304730866894547, 3.330454900258996, 3.3304626621211595, 3.3304795953532786, 3.3304665888273077, 3.330458720627856, 3.330474184184451, 3.3304729511724087, 3.330486231496467, 3.3304391247129894, 3.3304460773789986, 3.3304670493704496, 3.330463344370826, 3.3304439491509847, 3.3304831345240586, 3.3304730856787446, 3.3304592045279358, 3.3304548740208046, 3.330484052286179, 3.3304588109544424, 3.3304471707280996, 3.3304379159024604, 3.3304731478871457, 3.330467512850939, 3.3304814292845712, 3.3304554319857798, 3.33046095187317, 3.3304856527600517, 3.3304826986496714, 3.330444191590092, 3.3304783021693396, 3.3304563810408654, 3.33046520749115, 3.330465956248596, 3.330445258766754, 3.330444914120593]"
"[4.135414326041758, 4.135451171815582, 4.135490935766118, 4.135542470477791, 4.135562386197471, 4.135434747916863, 4.135483595702494, 4.13551918148919, 4.1355287163022005, 4.135518639461651, 4.135541454621709, 4.13550380008146, 4.135462957119026, 4.135502375865958, 4.135510848915435, 4.135571960429378, 4.135497361096535, 4.135504135514119, 4.135550366004788, 4.13556205297014, 4.1355132924491205, 4.135457146173149, 4.1354647104653015, 4.135535010753225, 4.135432473919469, 4.135541841798878, 4.135486157969751, 4.135463643480535, 4.135517874264516, 4.135549466833744, 4.135468837525464, 4.135551321825233, 4.135498489923837, 4.135461297414805, 4.135430920065774, 4.1354751465477415, 4.135413592949156, 4.135559016171708, 4.13550736312953, 4.135416088339511, 4.135460742610624, 4.135445398439034, 4.135548410168731, 4.1355132167998, 4.135555292966934, 4.135453470135888, 4.135460743380504, 4.135426674167189, 4.135499062898693, 4.135515162884547, 4.135461933962147, 4.1354395187358834, 4.13555817269966, 4.135526990560294, 4.1355070117795645, 4.135518390475686, 4.135453002428274, 4.135543217960307, 4.135418943412737, 4.135568832058214, 4.1354762265108205, 4.135484321130926, 4.135552432832907, 4.1355341160968395, 4.135497721822301, 4.135510056617136, 4.1355295970425034, 4.135514987197718, 4.135415588428888, 4.135464856868982, 4.135545153251776, 4.135448989478923, 4.135414764850969, 4.135493979789247, 4.135478652817244, 4.1354469212718605, 4.135505743331989, 4.135556558366644, 4.135559049025869, 4.135539804742386, 4.135478699031026, 4.1354982097198985, 4.135468902101809, 4.135511135923923, 4.135423746027838, 4.135451541881978, 4.135491584605141, 4.135536987994492, 4.1355270385619205, 4.135411947406244, 4.135409884474907, 4.135412758376102, 4.135441185228033, 4.135409265140024, 4.135473232710258, 4.135471532966177, 4.13552271422575, 4.1355137209683, 4.135479579720659, 4.135523464123725]"
"[3.224208095203143, 3.2242179309783334, 3.2242119208190996, 3.2242905151130947, 3.224210471983274, 3.2242458594666203, 3.2242593625938394, 3.224246946519042, 3.2242872956648023, 3.224292802843087, 3.2242225131541336, 3.224252674464968, 3.224210116398665, 3.2242579689083954, 3.224218168082743, 3.224263941375302, 3.2242801715367264, 3.2242819852386635, 3.2242502259928734, 3.224276181686156, 3.224254103597108, 3.2242165759677004, 3.2242890858194544, 3.2242889099406704, 3.2242387089795095, 3.2242921512074805, 3.2242770847030586, 3.2242306475970333, 3.2242706726698707, 3.2242391304650733, 3.224223899173861, 3.224219270535267, 3.224234034989322, 3.224218219832359, 3.22426348643769, 3.2242461006488314, 3.2242716605556834, 3.224294959593193, 3.2242992209068753, 3.2242350632965993, 3.2242786454739454, 3.2242347157109057, 3.2242115376521183, 3.2242199878063245, 3.224251400060823, 3.2242917311226944, 3.2242656818555138, 3.2242834810290795, 3.2242712279856396, 3.2242163811963485, 3.2242803868163454, 3.2242298504043276, 3.224229064895071, 3.2242695209970864, 3.2242747058522294, 3.2242218422332227, 3.224262199075044, 3.2242120076024605, 3.2242574227012355, 3.2242366543531067, 3.224277779384047, 3.2242525602619554, 3.2242979565976113, 3.2242742730989846, 3.2242954435751328, 3.224259375530573, 3.224264782280562, 3.224256401105496, 3.224245839502417, 3.2242646648523587, 3.2242795344776463, 3.224283620598558, 3.224249564125422, 3.224267037371131, 3.224226238837934, 3.2242269659813276, 3.2242150141951798, 3.224219043296854, 3.2242585264753822, 3.224231329763703, 3.2242662008580307, 3.2242898257454398, 3.224292608276947, 3.2242387728865274, 3.2242709874286626, 3.224231913682255, 3.224283370247225, 3.2242298008495167, 3.224226882512221, 3.2242235499878307, 3.2242156758745084, 3.224222754052356, 3.2242604595264224, 3.224272893016117, 3.2242854543337662, 3.2242175582721275, 3.224297574445675, 3.224208475480527, 3.224262682075409, 3.2242478866914794]"
"[3.8362035039472797, 3.836179524279258, 3.8361615023075704, 3.836197600699672, 3.8361187984625897, 3.836206636660217, 3.836140074552538, 3.8361645296621276, 3.836106453386652, 3.836168501637238, 3.836164126153052, 3.8361273522734383, 3.836196873268994, 3.8361375261021537, 3.8362093667127586, 3.836114178935965, 3.8361298385886036, 3.8362079159929623, 3.8361843016987796, 3.8361906128603334, 3.8362057901158835, 3.8361203877559427, 3.836116920901712, 3.836135028346227, 3.8361726490929176, 3.8361621817199687, 3.836189017644716, 3.8361939740194577, 3.8361749745506524, 3.8361187449901104, 3.836157259010331, 3.8361158995552813, 3.83610488430656, 3.8361645902616113, 3.8361540605120914, 3.836116379917063, 3.83614894335593, 3.836182734493465, 3.8361389185236083, 3.836203385952112, 3.836115482310035, 3.8361591923351512, 3.836173700961657, 3.8361309565279953, 3.836186297238166, 3.836117091757755, 3.836162273252387, 3.836203110925208, 3.8362029840505274, 3.836169610218278, 3.8361314022962887, 3.8361076977203816, 3.836199149280316, 3.836208418718628, 3.8361810832285075, 3.836137859437969, 3.8361625047442636, 3.8361745049864915, 3.836134787637755, 3.8361521028560914, 3.8361576371179833, 3.836201648353367, 3.8362102078590077, 3.8361094659223385, 3.836141754906423, 3.8362061861226877, 3.8361261839103644, 3.8361740857323774, 3.8361180502147416, 3.836211874918727, 3.8361330881228426, 3.8361564265949095, 3.836125793525628, 3.836184113633543, 3.8361213397097806, 3.8361606470693195, 3.8362105183166157, 3.8361214787223106, 3.8361671991504656, 3.836170606119421, 3.8361575514059645, 3.8361119064143776, 3.836162483739689, 3.836189734069328, 3.8361208525086594, 3.836196254041101, 3.8361450600333504, 3.83616581290017, 3.8361620943137247, 3.83621406365695, 3.8361557213947153, 3.8361780514289086, 3.8361348227406493, 3.8361061164020254, 3.836171344442503, 3.836138431643217, 3.836172407153951, 3.8361667858885147, 3.836153803612627, 3.8361097063717766]"
"[3.5287771194084656, 3.5288079451246137, 3.5287282524668537, 3.5287506563172064, 3.5287713073404126, 3.52873257471519, 3.5287412301550862, 3.5287945892205954, 3.528757173843237, 3.528755371743528, 3.528765170699258, 3.5287438062425784, 3.528738563304403, 3.5287091599955733, 3.5287648819224, 3.5287988620570623, 3.528809996687971, 3.5287490828504575, 3.5287244266201254, 3.5287968965992764, 3.5287541828236337, 3.528710308768276, 3.528777418881722, 3.528738300240203, 3.5287959569722362, 3.5287276855425755, 3.5287948856581557, 3.5287390481485774, 3.528713092597629, 3.5287146093503865, 3.5287106862960957, 3.528736550854564, 3.528774768671239, 3.528768663041025, 3.5287664303593957, 3.528728263332102, 3.528796039866382, 3.528763308889907, 3.528758106899999, 3.5287735339234736, 3.5287216502952736, 3.5287381047927235, 3.528747787823205, 3.528805608099109, 3.5287753217083537, 3.52874680650764, 3.528715827061893, 3.5287690533097993, 3.5287090500750717, 3.5287717158454313, 3.528787685419145, 3.528717349170277, 3.528715505208111, 3.528736586754091, 3.5287140633156264, 3.52871054466207, 3.5287136271709816, 3.528726988920864, 3.52879005673112, 3.5287190959063333, 3.5287755163498677, 3.5287260139995125, 3.5287877944063357, 3.528760307215581, 3.528776220540688, 3.5287928627816143, 3.5287260782652385, 3.5287851446859935, 3.5287500252419184, 3.528739951289709, 3.5287522683646513, 3.5287408222701666, 3.528735807495204, 3.5287231877816154, 3.5287867176234196, 3.52873189861457, 3.5287142728357064, 3.528763648250391, 3.5287399669606754, 3.5287263243702, 3.528757626687108, 3.5288016088473633, 3.5287174190634327, 3.5287673213933806, 3.528715873853292, 3.5287376128458794, 3.528794755340863, 3.5287704740001753, 3.5287564285830335, 3.5287487270904223, 3.52871090627964, 3.5287172011018972, 3.5287427560421545, 3.5287270012002665, 3.5287403755902615, 3.52871885788056, 3.528749470174169, 3.5287335843558525, 3.5287627636361174, 3.5287915603809443]"
